contractSymbol,lastTradeDate,strike,lastPrice,bid,ask,change,percentChange,volume,openInterest,impliedVolatility,inTheMoney,contractSize,currency,type
QQQ261218C00204780,2026-07-21 14:26:02+00:00,204.78,503.5,495.72,499.65,0.0,0.0,5.0,264,1.0408983502197269,True,REGULAR,USD,call
QQQ261218C00209780,2026-07-28 16:08:45+00:00,209.78,473.24,490.91,494.88,0.0,0.0,30.0,231,1.0361376318359379,True,REGULAR,USD,call
QQQ261218C00214780,2026-04-30 18:13:13+00:00,214.78,456.85,503.19,506.94,0.0,0.0,6.0,27,1.6076984947204587,True,REGULAR,USD,call
QQQ261218C00219780,2026-07-15 19:34:06+00:00,219.78,499.72,481.11,484.87,0.0,0.0,1.0,51,1.0045215789794921,True,REGULAR,USD,call
QQQ261218C00224780,2025-12-03 18:17:10+00:00,224.78,405.01,403.96,407.84,0.0,0.0,1.0,6,1.0000000000000003e-05,True,REGULAR,USD,call
QQQ261218C00229780,2025-04-14 14:15:17+00:00,229.78,248.0,0.0,0.0,0.0,0.0,5.0,0,1.0000000000000003e-05,True,REGULAR,USD,call
QQQ261218C00234780,2025-04-14 14:28:32+00:00,234.78,244.0,0.0,0.0,0.0,0.0,5.0,0,1.0000000000000003e-05,True,REGULAR,USD,call
QQQ261218C00239780,2026-05-26 19:42:18+00:00,239.78,494.95,0.0,0.0,0.0,0.0,1.0,0,1.0000000000000003e-05,True,REGULAR,USD,call
QQQ261218C00244780,2025-09-02 13:47:58+00:00,244.78,329.25,0.0,0.0,0.0,0.0,1.0,40,1.0000000000000003e-05,True,REGULAR,USD,call
QQQ261218C00249780,2026-04-24 15:32:16+00:00,249.78,417.3,469.0,472.89,0.0,0.0,1.0,99,1.4389066140747073,True,REGULAR,USD,call
QQQ261218C00250000,2026-08-03 19:25:38+00:00,250.0,454.0,451.47,455.51,68.79001,17.857796,2.0,102,0.9388433850097657,True,REGULAR,USD,call
QQQ261218C00254780,2026-06-17 14:04:10+00:00,254.78,482.0,442.43,446.12,0.0,0.0,2.0,132,0.737307314453125,True,REGULAR,USD,call
QQQ261218C00255000,2026-04-13 13:33:41+00:00,255.0,360.92,454.85,458.79,0.0,0.0,,1,1.206241761779785,True,REGULAR,USD,call
QQQ261218C00259780,2026-02-25 15:43:29+00:00,259.78,362.08,0.0,0.0,0.0,0.0,2.0,0,1.0000000000000003e-05,True,REGULAR,USD,call
QQQ261218C00260000,2026-04-14 18:00:49+00:00,260.0,373.97,449.91,454.25,0.0,0.0,2.0,2,1.1921427111816407,True,REGULAR,USD,call
QQQ261218C00264780,2025-04-24 16:36:15+00:00,264.78,219.5,259.0,264.0,0.0,0.0,5.0,41,1.0000000000000003e-05,True,REGULAR,USD,call
QQQ261218C00269780,2025-06-26 13:30:30+00:00,269.78,289.89,337.67,341.54,0.0,0.0,1.0,124,1.0000000000000003e-05,True,REGULAR,USD,call
QQQ261218C00274780,2026-06-25 15:57:15+00:00,274.78,446.4,427.14,431.12,0.0,0.0,1.0,52,0.8784802191162109,True,REGULAR,USD,call
QQQ261218C00275000,2026-05-28 14:12:54+00:00,275.0,461.18,0.0,0.0,0.0,0.0,1.0,0,1.0000000000000003e-05,True,REGULAR,USD,call
QQQ261218C00279780,2026-03-17 18:00:56+00:00,279.78,331.8,374.49,377.51,0.0,0.0,1.0,44,1.0000000000000003e-05,True,REGULAR,USD,call
QQQ261218C00284780,2026-06-12 14:33:22+00:00,284.78,439.65,436.02,439.44,0.0,0.0,2.0,23,1.3109165313720699,True,REGULAR,USD,call
QQQ261218C00285000,2025-11-10 19:00:52+00:00,285.0,348.95,346.47,350.35,0.0,0.0,,7,1.0000000000000003e-05,True,REGULAR,USD,call
QQQ261218C00289780,2025-05-13 13:51:11+00:00,289.78,242.03,251.49,261.49,0.0,0.0,1.0,19,1.0000000000000003e-05,True,REGULAR,USD,call
QQQ261218C00294780,2026-06-12 13:40:52+00:00,294.78,425.4,426.26,429.88,0.0,0.0,1.0,57,1.2739294116210935,True,REGULAR,USD,call
QQQ261218C00295000,2026-05-11 17:08:35+00:00,295.0,424.66,444.74,448.17,0.0,0.0,46.0,9,1.5753195062255858,True,REGULAR,USD,call
QQQ261218C00299780,2026-06-22 16:20:36+00:00,299.78,443.9,398.46,402.15,0.0,0.0,4.0,122,0.7070341796875,True,REGULAR,USD,call
QQQ261218C00300000,2026-07-28 14:45:54+00:00,300.0,376.92,402.48,406.42,0.0,0.0,1.0,7,0.824647749633789,True,REGULAR,USD,call
QQQ261218C00304780,2025-12-18 21:01:51+00:00,304.78,314.85,313.89,317.65,0.0,0.0,1.0,123,1.0000000000000003e-05,True,REGULAR,USD,call
QQQ261218C00309780,2026-07-17 14:30:40+00:00,309.78,390.82,392.84,396.81,0.0,0.0,1.0,68,0.8023701403808592,True,REGULAR,USD,call
QQQ261218C00310000,2026-06-18 15:01:48+00:00,310.0,434.39,388.48,392.19,0.0,0.0,1.0,4,0.5214891601562499,True,REGULAR,USD,call
QQQ261218C00314780,2026-04-23 15:02:37+00:00,314.78,348.5,406.13,409.86,0.0,0.0,5.0,47,1.1907694270324707,True,REGULAR,USD,call
QQQ261218C00319780,2026-03-23 14:47:23+00:00,319.78,284.78,0.0,0.0,0.0,0.0,1.0,0,1.0000000000000003e-05,True,REGULAR,USD,call
QQQ261218C00320000,2026-06-18 16:16:51+00:00,320.0,424.91,378.73,382.45,0.0,0.0,10.0,13,0.5459029785156251,True,REGULAR,USD,call
QQQ261218C00324780,2026-01-05 14:30:02+00:00,324.78,302.41,297.15,301.01,0.0,0.0,3.0,37,1.0000000000000003e-05,True,REGULAR,USD,call
QQQ261218C00325000,2026-06-10 17:45:44+00:00,325.0,378.63,396.86,400.42,0.0,0.0,1.0,2,1.1653178941345217,True,REGULAR,USD,call
QQQ261218C00329780,2026-03-20 17:08:06+00:00,329.78,267.2,326.5,329.6,0.0,0.0,1.0,27,1.0000000000000003e-05,True,REGULAR,USD,call
QQQ261218C00330000,2026-07-27 18:19:14+00:00,330.0,355.0,373.02,376.91,0.0,0.0,3.0,5,0.758913543701172,True,REGULAR,USD,call
QQQ261218C00334780,2026-03-27 15:20:33+00:00,334.78,244.5,0.0,0.0,0.0,0.0,1.0,0,1.0000000000000003e-05,True,REGULAR,USD,call
QQQ261218C00335000,2026-03-20 13:51:02+00:00,335.0,264.8,321.51,324.4,0.0,0.0,1.0,3,1.0000000000000003e-05,True,REGULAR,USD,call
QQQ261218C00339780,2026-06-11 17:30:59+00:00,339.78,376.72,382.54,385.84,0.0,0.0,3.0,22,1.1149031071472169,True,REGULAR,USD,call
QQQ261218C00340000,2026-01-12 18:42:39+00:00,340.0,300.5,282.84,286.7,0.0,0.0,1.0,5,1.0000000000000003e-05,True,REGULAR,USD,call
QQQ261218C00344780,2026-05-15 13:31:53+00:00,344.78,372.15,396.48,400.32,0.0,0.0,1.0,198,1.3648255635833741,True,REGULAR,USD,call
QQQ261218C00345000,2026-06-26 15:44:53+00:00,345.0,378.4,358.48,362.45,0.0,0.0,6.0,13,0.7345607598876953,True,REGULAR,USD,call
QQQ261218C00349780,2026-07-16 15:28:21+00:00,349.78,367.72,353.71,357.79,0.0,0.0,1.0,423,0.7240017834472656,True,REGULAR,USD,call
QQQ261218C00350000,2026-06-25 18:28:18+00:00,350.0,378.3,353.6,357.39,0.0,0.0,2.0,15,0.7224148852539063,True,REGULAR,USD,call
QQQ261218C00354780,2026-05-22 16:19:33+00:00,354.78,371.81,0.0,0.0,0.0,0.0,2.0,0,1.0000000000000003e-05,True,REGULAR,USD,call
QQQ261218C00355000,2025-11-20 19:20:11+00:00,355.0,253.93,280.69,284.12,0.0,0.0,1.0,3,1.0000000000000003e-05,True,REGULAR,USD,call
QQQ261218C00359780,2026-05-28 19:04:08+00:00,359.78,383.8,0.0,0.0,0.0,0.0,1.0,0,1.0000000000000003e-05,True,REGULAR,USD,call
QQQ261218C00360000,2026-07-16 13:57:19+00:00,360.0,355.27,343.87,347.96,0.0,0.0,1.0,14,0.7085600433349608,True,REGULAR,USD,call
QQQ261218C00364780,2026-02-13 15:41:47+00:00,364.78,251.41,0.0,0.0,0.0,0.0,3.0,0,1.0000000000000003e-05,True,REGULAR,USD,call
QQQ261218C00365000,2026-07-24 14:37:38+00:00,365.0,327.31,338.97,343.08,0.0,0.0,2.0,6,0.6988250332641602,True,REGULAR,USD,call
QQQ261218C00369780,2026-05-26 14:24:59+00:00,369.78,369.0,0.0,0.0,0.0,0.0,1.0,0,1.0000000000000003e-05,True,REGULAR,USD,call
QQQ261218C00370000,2026-07-09 14:04:23+00:00,370.0,359.7,334.2,338.22,0.0,0.0,300.0,309,0.6911041632080079,True,REGULAR,USD,call
QQQ261218C00374780,2025-11-14 20:40:37+00:00,374.78,254.1,262.08,266.24,0.0,0.0,20.0,54,1.0000000000000003e-05,True,REGULAR,USD,call
QQQ261218C00375000,2026-07-24 15:35:10+00:00,375.0,321.88,329.23,333.02,0.0,0.0,1.0,7,0.6765169067382814,True,REGULAR,USD,call
QQQ261218C00379780,2026-05-28 15:24:24+00:00,379.78,363.1,0.0,0.0,0.0,0.0,1.0,0,1.0000000000000003e-05,True,REGULAR,USD,call
QQQ261218C00380000,2026-05-26 14:05:51+00:00,380.0,356.8,0.0,0.0,0.0,0.0,1.0,0,1.0000000000000003e-05,True,REGULAR,USD,call
QQQ261218C00384780,2026-06-09 16:38:11+00:00,384.78,316.0,338.87,342.36,0.0,0.0,1.0,31,0.979065150756836,True,REGULAR,USD,call
QQQ261218C00385000,2026-05-26 14:53:26+00:00,385.0,354.61,0.0,0.0,0.0,0.0,3.0,0,1.0000000000000003e-05,True,REGULAR,USD,call
QQQ261218C00389780,2026-04-08 13:46:42+00:00,389.78,230.7,325.05,329.54,0.0,0.0,2.0,46,0.8439651834106444,True,REGULAR,USD,call
QQQ261218C00390000,2026-08-03 16:08:04+00:00,390.0,314.95,314.65,318.7,-40.319977,-11.349109,16.0,122,0.6533542965698244,True,REGULAR,USD,call
QQQ261218C00394780,2026-06-05 18:32:44+00:00,394.78,326.09,0.0,0.0,0.0,0.0,1.0,0,1.0000000000000003e-05,True,REGULAR,USD,call
QQQ261218C00395000,2026-05-19 14:35:24+00:00,395.0,312.0,0.0,0.0,0.0,0.0,3.0,0,1.0000000000000003e-05,True,REGULAR,USD,call
QQQ261218C00399780,2026-06-17 19:42:53+00:00,399.78,332.11,301.35,305.06,0.0,0.0,2.0,247,0.5292405474853517,True,REGULAR,USD,call
QQQ261218C00400000,2026-07-31 15:21:49+00:00,400.0,291.04,304.96,308.87,0.0,0.0,1.0,360,0.6349218637084962,True,REGULAR,USD,call
QQQ261218C00404780,2026-06-03 17:19:32+00:00,404.78,348.82,0.0,0.0,0.0,0.0,3.0,0,1.0000000000000003e-05,True,REGULAR,USD,call
QQQ261218C00405000,2026-06-05 20:06:05+00:00,405.0,308.05,0.0,0.0,0.0,0.0,10.0,0,1.0000000000000003e-05,True,REGULAR,USD,call
QQQ261218C00409780,2026-06-11 17:30:22+00:00,409.78,309.52,314.71,318.25,0.0,0.0,1.0,66,0.9102639588928223,True,REGULAR,USD,call
QQQ261218C00410000,2026-07-17 13:30:07+00:00,410.0,290.88,295.22,299.15,0.0,0.0,1.0,129,0.6172828799438478,True,REGULAR,USD,call
QQQ261218C00414780,2026-06-16 19:45:11+00:00,414.78,327.63,286.9,290.61,0.0,0.0,1.0,85,0.5164843273925781,True,REGULAR,USD,call
QQQ261218C00415000,2026-06-26 17:38:55+00:00,415.0,310.55,290.38,294.34,0.0,0.0,3.0,21,0.6093178717041017,True,REGULAR,USD,call
QQQ261218C00419780,2026-06-18 19:47:42+00:00,419.78,332.01,282.1,285.73,0.0,0.0,2.0,40,0.5110522528076171,True,REGULAR,USD,call
QQQ261218C00420000,2026-08-03 18:16:46+00:00,420.0,288.91,285.5,289.36,-40.929993,-12.409044,10.0,181,0.5992471716308594,True,REGULAR,USD,call
QQQ261218C00424780,2026-06-10 18:56:35+00:00,424.78,282.12,300.29,303.58,0.0,0.0,1.0,183,0.8697522790527343,True,REGULAR,USD,call
QQQ261218C00425000,2026-06-26 17:38:55+00:00,425.0,300.99,280.64,284.63,0.0,0.0,3.0,96,0.5918619915771486,True,REGULAR,USD,call
QQQ261218C00429780,2026-06-11 14:20:42+00:00,429.78,282.2,295.47,298.98,0.0,0.0,1.0,117,0.8581557153320312,True,REGULAR,USD,call
QQQ261218C00430000,2026-08-03 16:10:12+00:00,430.0,275.61,275.89,279.88,17.079987,6.6065784,19.0,1475,0.5853312951660157,True,REGULAR,USD,call
QQQ261218C00434780,2026-08-03 16:10:12+00:00,434.78,271.01,271.25,275.22,64.33002,31.125422,19.0,137,0.5769695623779296,True,REGULAR,USD,call
QQQ261218C00435000,2026-07-27 18:36:43+00:00,435.0,253.72,271.06,275.0,0.0,0.0,1.0,43,0.576755941467285,True,REGULAR,USD,call
QQQ261218C00439780,2026-07-28 13:38:56+00:00,439.78,241.54,266.46,270.39,0.0,0.0,1.0,899,0.5692181750488281,True,REGULAR,USD,call
QQQ261218C00440000,2026-08-03 17:23:39+00:00,440.0,267.64,266.25,270.18,-20.109985,-6.9887004,1.0,814,0.5689130023193358,True,REGULAR,USD,call
QQQ261218C00444780,2026-06-15 19:46:44+00:00,444.78,309.5,281.09,284.41,0.0,0.0,1.0,1386,0.819764985961914,True,REGULAR,USD,call
QQQ261218C00445000,2026-07-07 18:47:08+00:00,445.0,277.13,261.47,265.52,0.0,0.0,1.0,21,0.5627179959106446,True,REGULAR,USD,call
QQQ261218C00449780,2026-06-10 14:18:40+00:00,449.78,270.0,276.31,279.64,0.0,0.0,1.0,32,0.8077411804199219,True,REGULAR,USD,call
QQQ261218C00450000,2026-07-31 18:17:08+00:00,450.0,247.32,256.64,260.55,0.0,0.0,2.0,1257,0.5533186758422851,True,REGULAR,USD,call
QQQ261218C00454780,2026-05-07 14:45:00+00:00,454.78,259.71,271.94,275.82,0.0,0.0,1.0,203,0.8032703999328612,True,REGULAR,USD,call
QQQ261218C00455000,2026-06-29 14:53:58+00:00,455.0,272.06,251.8,255.7,0.0,0.0,1.0,28,0.5448959085083008,True,REGULAR,USD,call
QQQ261218C00459780,2026-07-28 19:59:22+00:00,459.78,227.1,247.18,251.2,0.0,0.0,2.0,216,0.5380295220947267,True,REGULAR,USD,call
QQQ261218C00460000,2026-07-24 19:19:31+00:00,460.0,233.19,246.99,250.98,0.0,0.0,1.0,442,0.5378159011840821,True,REGULAR,USD,call
QQQ261218C00464780,2026-07-21 14:20:01+00:00,464.78,251.0,242.42,246.4,0.0,0.0,1.0,138,0.5306443420410156,True,REGULAR,USD,call
QQQ261218C00465000,2026-05-01 14:56:51+00:00,465.0,224.19,262.34,266.22,0.0,0.0,1.0,19,0.780550290222168,True,REGULAR,USD,call
QQQ261218C00469780,2026-05-19 16:23:08+00:00,469.78,244.68,0.0,0.0,0.0,0.0,3.0,0,1.0000000000000003e-05,True,REGULAR,USD,call
QQQ261218C00470000,2026-07-16 19:48:02+00:00,470.0,244.48,237.45,241.4,0.0,0.0,1.0,1906,0.5229539892578124,True,REGULAR,USD,call
QQQ261218C00474780,2026-06-11 17:28:54+00:00,474.78,244.4,252.56,256.03,0.0,0.0,1.0,146,0.7506738800048829,True,REGULAR,USD,call
QQQ261218C00475000,2026-07-30 19:10:38+00:00,475.0,219.14,232.64,236.63,0.0,0.0,1.0,102,0.5153246710205077,True,REGULAR,USD,call
QQQ261218C00479780,2026-06-12 14:37:35+00:00,479.78,253.45,247.78,251.11,0.0,0.0,1.0,148,0.7382533499145507,True,REGULAR,USD,call
QQQ261218C00480000,2026-07-28 13:56:29+00:00,480.0,201.81,227.86,231.86,0.0,0.0,3.0,3124,0.5078784564208985,True,REGULAR,USD,call
QQQ261218C00484780,2026-08-03 14:37:15+00:00,484.78,220.59,223.28,227.27,-13.910004,-5.9317713,3.0,424,0.5004322418212892,True,REGULAR,USD,call
QQQ261218C00485000,2026-07-27 15:31:53+00:00,485.0,205.99,223.11,227.13,0.0,0.0,7.0,29,0.5008900009155274,True,REGULAR,USD,call
QQQ261218C00489780,2026-06-16 14:30:03+00:00,489.78,263.0,215.63,219.33,0.0,0.0,4.0,854,0.4758353198242187,True,REGULAR,USD,call
QQQ261218C00490000,2026-07-31 18:42:39+00:00,490.0,209.51,218.34,222.46,0.0,0.0,2.0,467,0.5222215747070311,True,REGULAR,USD,call
QQQ261218C00494780,2026-08-03 17:11:02+00:00,494.78,214.65,213.89,217.94,5.529999,2.6444142,2.0,566,0.5149584637451172,True,REGULAR,USD,call
QQQ261218C00495000,2026-05-22 15:43:41+00:00,495.0,241.15,0.0,0.0,0.0,0.0,1.0,0,1.0000000000000003e-05,True,REGULAR,USD,call
QQQ261218C00499780,2026-06-11 17:30:03+00:00,499.78,225.49,228.97,232.45,0.0,0.0,2.0,322,0.6957733059692384,True,REGULAR,USD,call
QQQ261218C00500000,2026-08-03 17:40:39+00:00,500.0,210.1,208.94,212.89,11.600006,5.843832,8.0,6141,0.5054981091308592,True,REGULAR,USD,call
QQQ261218C00504780,2026-08-03 14:01:13+00:00,504.78,199.02,204.42,208.38,-10.209991,-4.879793,1.0,0,0.4982807740783692,True,REGULAR,USD,call
QQQ261218C00505000,2026-07-17 17:17:11+00:00,505.0,210.31,204.24,208.17,0.0,0.0,3.0,89,0.4979145668029786,True,REGULAR,USD,call
QQQ261218C00509780,2026-05-28 18:55:43+00:00,509.78,241.88,0.0,0.0,0.0,0.0,2.0,0,1.0000000000000003e-05,True,REGULAR,USD,call
QQQ261218C00510000,2026-08-03 17:32:15+00:00,510.0,200.78,199.51,203.43,27.779999,16.057804,6.0,4039,0.49002585174560553,True,REGULAR,USD,call
QQQ261218C00514780,2026-06-30 18:18:26+00:00,514.78,236.42,194.82,198.97,0.0,0.0,1.0,96,0.4833120516967774,True,REGULAR,USD,call
QQQ261218C00515000,2026-07-16 18:40:27+00:00,515.0,205.0,194.83,198.87,0.0,0.0,1.0,1451,0.48424282852172856,True,REGULAR,USD,call
QQQ261218C00519780,2026-06-12 17:38:32+00:00,519.78,220.09,210.3,212.87,0.0,0.0,1.0,695,0.6500889483642578,True,REGULAR,USD,call
QQQ261218C00520000,2026-08-03 19:39:31+00:00,520.0,191.99,190.12,194.09,30.990005,19.24845,1.0,722,0.47577428527832033,True,REGULAR,USD,call
QQQ261218C00524780,2026-05-22 14:57:26+00:00,524.78,212.52,0.0,0.0,0.0,0.0,3.0,0,1.0000000000000003e-05,True,REGULAR,USD,call
QQQ261218C00525000,2026-07-30 19:10:38+00:00,525.0,172.97,185.33,189.33,0.0,0.0,1.0,409,0.4675193629455566,True,REGULAR,USD,call
QQQ261218C00529780,2026-07-31 19:34:14+00:00,529.78,172.93,181.01,184.88,0.0,0.0,3.0,279,0.4606987524414063,True,REGULAR,USD,call
QQQ261218C00530000,2026-07-28 17:26:40+00:00,530.0,162.77,180.67,184.76,0.0,0.0,1.0,2514,0.46132435653686527,True,REGULAR,USD,call
QQQ261218C00534780,2026-06-24 13:57:55+00:00,534.78,200.29,176.52,179.35,0.0,0.0,1.0,695,0.44396002822875974,True,REGULAR,USD,call
QQQ261218C00535000,2026-06-11 13:54:55+00:00,535.0,189.68,196.52,199.71,0.0,0.0,1.0,246,0.62520211227417,True,REGULAR,USD,call
QQQ261218C00539780,2026-06-04 16:19:59+00:00,539.78,218.37,0.0,0.0,0.0,0.0,1.0,0,1.0000000000000003e-05,True,REGULAR,USD,call
QQQ261218C00540000,2026-07-28 15:50:03+00:00,540.0,155.31,172.28,175.35,0.0,0.0,1.0,4237,0.44574528869628904,True,REGULAR,USD,call
QQQ261218C00544780,2026-06-29 13:42:13+00:00,544.78,190.89,167.28,170.01,0.0,0.0,1.0,238,0.4294185476684571,True,REGULAR,USD,call
QQQ261218C00545000,2026-07-10 19:28:51+00:00,545.0,196.63,167.67,170.75,0.0,0.0,1.0,1156,0.4389399368286133,True,REGULAR,USD,call
QQQ261218C00549780,2026-06-15 19:07:46+00:00,549.78,211.8,182.68,185.26,0.0,0.0,1.0,3010,0.5915873361206055,True,REGULAR,USD,call
QQQ261218C00550000,2026-07-30 20:06:44+00:00,550.0,151.43,163.08,166.36,0.0,0.0,2.0,3638,0.434148724975586,True,REGULAR,USD,call
QQQ261218C00554780,2026-07-10 19:03:54+00:00,554.78,188.14,158.15,160.84,0.0,0.0,1.0,153,0.4162656030273437,True,REGULAR,USD,call
QQQ261218C00555000,2026-07-15 18:08:04+00:00,555.0,179.86,158.53,161.74,0.0,0.0,2.0,289,0.4269161312866212,True,REGULAR,USD,call
QQQ261218C00559780,2026-06-05 17:11:19+00:00,559.78,177.64,0.0,0.0,0.0,0.0,3.0,0,1.0000000000000003e-05,True,REGULAR,USD,call
QQQ261218C00560000,2026-08-03 17:05:44+00:00,560.0,153.62,153.98,157.3,10.87999,7.622243,15.0,876,0.42130095306396487,True,REGULAR,USD,call
QQQ261218C00564780,2026-06-12 14:40:41+00:00,564.78,176.1,168.97,171.72,0.0,0.0,2.0,516,0.5635419622802735,True,REGULAR,USD,call
QQQ261218C00565000,2026-07-29 15:49:42+00:00,565.0,122.96,149.47,152.54,0.0,0.0,2.0,567,0.41251197845458976,True,REGULAR,USD,call
QQQ261218C00569780,2026-07-28 15:09:08+00:00,569.78,123.81,144.62,148.25,0.0,0.0,2.0,860,0.40650007568359375,True,REGULAR,USD,call
QQQ261218C00570000,2026-08-03 13:41:10+00:00,570.0,136.7,145.04,148.04,-5.100006,-3.5966191,1.0,3472,0.40610335113525386,True,REGULAR,USD,call
QQQ261218C00574780,2026-06-25 16:00:00+00:00,574.78,163.42,140.17,143.79,0.0,0.0,2.0,263,0.4002898106384278,True,REGULAR,USD,call
QQQ261218C00575000,2026-07-27 15:09:27+00:00,575.0,127.56,140.52,143.6,0.0,0.0,1.0,318,0.4000761897277832,True,REGULAR,USD,call
QQQ261218C00579780,2026-07-23 18:45:00+00:00,579.78,132.3,135.74,139.32,0.0,0.0,1.0,338,0.39385066604614255,True,REGULAR,USD,call
QQQ261218C00580000,2026-07-31 13:48:41+00:00,580.0,125.89,136.1,139.22,0.0,0.0,1.0,1256,0.39441523559570313,True,REGULAR,USD,call
QQQ261218C00584780,2026-07-28 13:40:16+00:00,584.78,111.87,131.34,133.91,0.0,0.0,1.0,2896,0.3791413404846191,True,REGULAR,USD,call
QQQ261218C00585000,2026-07-31 17:37:15+00:00,585.0,124.6,132.16,133.5,0.0,0.0,1.0,867,0.37700513137817376,True,REGULAR,USD,call
QQQ261218C00589780,2026-05-21 14:57:17+00:00,589.78,145.4,0.0,0.0,0.0,0.0,5.0,0,1.0000000000000003e-05,True,REGULAR,USD,call
QQQ261218C00590000,2026-07-28 14:38:11+00:00,590.0,106.08,127.33,130.48,0.0,0.0,1.0,1944,0.3827271200561523,True,REGULAR,USD,call
QQQ261218C00594780,2026-06-26 14:05:21+00:00,594.78,144.16,122.66,125.17,0.0,0.0,1.0,151,0.367544776763916,True,REGULAR,USD,call
QQQ261218C00595000,2026-07-31 18:18:56+00:00,595.0,114.71,123.01,126.03,0.0,0.0,1.0,360,0.3759522854614258,True,REGULAR,USD,call
QQQ261218C00599780,2026-07-31 18:18:56+00:00,599.78,110.6,118.38,120.93,0.0,0.0,1.0,1429,0.36250942672729497,True,REGULAR,USD,call
QQQ261218C00600000,2026-08-03 15:49:35+00:00,600.0,117.67,118.72,122.0,7.5,6.807661,22.0,5853,0.3723817645263672,True,REGULAR,USD,call
QQQ261218C00604780,2026-07-29 14:07:14+00:00,604.78,93.56,114.13,116.58,0.0,0.0,1.0,700,0.3563754548645019,True,REGULAR,USD,call
QQQ261218C00605000,2026-07-31 15:55:33+00:00,605.0,103.32,114.47,117.48,0.0,0.0,17.0,3446,0.3646914117431641,True,REGULAR,USD,call
QQQ261218C00609780,2026-08-03 19:46:09+00:00,609.78,111.92,109.93,112.35,19.419998,20.994593,1.0,914,0.35097389755249014,True,REGULAR,USD,call
QQQ261218C00610000,2026-08-03 17:37:19+00:00,610.0,110.7,110.32,113.25,8.229996,8.031614,4.0,5034,0.3590914921569824,True,REGULAR,USD,call
QQQ261218C00615000,2026-08-03 19:12:57+00:00,615.0,107.27,106.18,107.77,8.869995,9.014222,19.0,6867,0.34386337295532227,True,REGULAR,USD,call
QQQ261218C00620000,2026-08-03 18:26:07+00:00,620.0,103.2,102.06,105.01,11.199997,12.17391,2.0,7095,0.34886820571899413,True,REGULAR,USD,call
QQQ261218C00625000,2026-08-03 19:58:38+00:00,625.0,98.26,98.0,100.88,8.25,9.165648,12.0,2437,0.3432988034057617,True,REGULAR,USD,call
QQQ261218C00630000,2026-08-03 18:58:16+00:00,630.0,95.04,93.97,96.67,8.5,9.822047,3.0,2848,0.33693595199584964,True,REGULAR,USD,call
QQQ261218C00635000,2026-08-03 18:57:59+00:00,635.0,91.21,90.0,92.83,9.5,11.626484,43.0,1703,0.33289241333007813,True,REGULAR,USD,call
QQQ261218C00640000,2026-08-03 19:28:25+00:00,640.0,86.94,86.48,87.63,12.090004,16.15231,7.0,3206,0.31928933891296374,True,REGULAR,USD,call
QQQ261218C00645000,2026-08-03 20:02:07+00:00,645.0,82.78,82.2,85.33,10.019997,13.771297,5.0,3385,0.32507999145507804,True,REGULAR,USD,call
QQQ261218C00650000,2026-08-03 19:58:38+00:00,650.0,78.46,78.53,81.55,7.279999,10.227591,5.0,7044,0.3204642539215088,True,REGULAR,USD,call
QQQ261218C00655000,2026-08-03 19:32:07+00:00,655.0,75.78,74.73,77.61,12.139999,19.076054,2.0,1257,0.31450575637817374,True,REGULAR,USD,call
QQQ261218C00660000,2026-08-03 19:30:47+00:00,660.0,71.8,71.17,74.08,6.510002,9.970902,6.0,14274,0.31084368362426756,True,REGULAR,USD,call
QQQ261218C00665000,2026-08-03 19:59:40+00:00,665.0,68.25,67.62,70.46,8.970001,15.131581,7.0,2134,0.3062508340454102,True,REGULAR,USD,call
QQQ261218C00670000,2026-08-03 20:02:07+00:00,670.0,64.6,64.07,66.8,7.59,13.313455,3.0,4172,0.3010628976440429,True,REGULAR,USD,call
QQQ261218C00675000,2026-08-03 20:07:35+00:00,675.0,61.5,60.74,62.06,6.3499985,11.5140505,33.0,1425,0.2889322816467284,True,REGULAR,USD,call
QQQ261218C00680000,2026-08-03 19:43:48+00:00,680.0,58.15,57.42,58.76,6.84,13.330734,21.0,14776,0.2852625795745849,True,REGULAR,USD,call
QQQ261218C00685000,2026-08-03 19:43:17+00:00,685.0,55.05,54.18,55.53,8.219997,17.552845,7.0,2939,0.28159287750244133,True,REGULAR,USD,call
QQQ261218C00690000,2026-08-03 19:53:39+00:00,690.0,52.05,51.06,52.37,6.279999,13.720775,29.0,12918,0.2779002874755859,True,REGULAR,USD,call
QQQ261218C00695000,2026-08-03 19:53:39+00:00,695.0,49.0,48.02,49.27,6.25,14.619883,15.0,1290,0.27411614562988285,True,REGULAR,USD,call
QQQ261218C00700000,2026-08-03 20:05:58+00:00,700.0,45.8,45.5,46.21,6.5,16.53944,4732.0,33221,0.2701107535552979,True,REGULAR,USD,call
QQQ261218C00705000,2026-08-03 19:24:03+00:00,705.0,43.18,42.22,43.43,5.630001,14.993346,84.0,2800,0.26726501785278317,False,REGULAR,USD,call
QQQ261218C00710000,2026-08-03 19:57:25+00:00,710.0,39.99,40.0,40.53,4.9800034,14.224518,230.0,4168,0.2632367378234864,False,REGULAR,USD,call
QQQ261218C00715000,2026-08-03 19:53:23+00:00,715.0,37.92,37.35,37.89,6.489998,20.649054,44.0,5463,0.26021552780151364,False,REGULAR,USD,call
QQQ261218C00720000,2026-08-03 19:27:27+00:00,720.0,35.18,34.82,35.32,4.7800007,15.723686,188.0,11635,0.25708750732421876,False,REGULAR,USD,call
QQQ261218C00725000,2026-08-03 19:29:35+00:00,725.0,32.79,32.39,32.93,5.290001,19.236368,447.0,3713,0.25449353912353523,False,REGULAR,USD,call
QQQ261218C00730000,2026-08-03 19:26:17+00:00,730.0,30.5,30.06,30.59,4.3600006,16.67942,394.0,12254,0.25167069137573245,False,REGULAR,USD,call
QQQ261218C00735000,2026-08-03 19:55:53+00:00,735.0,27.82,27.85,28.38,4.7700005,20.694147,461.0,7355,0.2490614645385742,False,REGULAR,USD,call
QQQ261218C00740000,2026-08-03 19:37:50+00:00,740.0,25.97,25.75,26.27,4.01,18.260475,507.0,12448,0.24651327224731445,False,REGULAR,USD,call
QQQ261218C00745000,2026-08-03 18:46:11+00:00,745.0,24.16,23.8,24.25,4.879999,25.311197,1312.0,7221,0.2439421920013428,False,REGULAR,USD,call
QQQ261218C00750000,2026-08-03 19:59:26+00:00,750.0,22.1,21.93,22.39,3.8999996,21.42857,2208.0,12098,0.24179835357666019,False,REGULAR,USD,call
QQQ261218C00755000,2026-08-03 19:49:19+00:00,755.0,20.42,20.17,20.62,3.8600006,23.309183,125.0,3981,0.23964688583374016,False,REGULAR,USD,call
QQQ261218C00760000,2026-08-03 18:45:06+00:00,760.0,18.7,18.53,18.88,2.9700012,18.881126,366.0,15297,0.2371139521789551,False,REGULAR,USD,call
QQQ261218C00765000,2026-08-03 16:12:41+00:00,765.0,16.05,16.96,17.36,2.2699995,16.473146,108.0,4622,0.23543550216674802,False,REGULAR,USD,call
QQQ261218C00770000,2026-08-03 19:52:51+00:00,770.0,15.87,15.54,15.87,3.4700003,27.983873,31.0,8571,0.2333908448791504,False,REGULAR,USD,call
QQQ261218C00775000,2026-08-03 19:57:32+00:00,775.0,14.25,14.17,14.55,2.79,24.34555,133.0,11551,0.23194127441406248,False,REGULAR,USD,call
QQQ261218C00780000,2026-08-03 18:23:18+00:00,780.0,13.12,12.95,13.27,2.62,24.952381,61.0,17477,0.23020178985595702,False,REGULAR,USD,call
QQQ261218C00785000,2026-08-03 19:23:52+00:00,785.0,11.94,11.79,12.12,2.4699993,26.082357,31.0,1355,0.22885902984619144,False,REGULAR,USD,call
QQQ261218C00790000,2026-08-03 19:58:54+00:00,790.0,10.82,10.74,11.04,2.2299995,25.960413,33.0,8066,0.22748575256347653,False,REGULAR,USD,call
QQQ261218C00795000,2026-08-03 19:13:09+00:00,795.0,9.84,9.75,10.1,2.08,26.804123,32.0,3552,0.22667704483032225,False,REGULAR,USD,call
QQQ261218C00800000,2026-08-03 20:00:59+00:00,800.0,8.91,8.85,9.15,1.8199997,25.669952,461.0,30747,0.22524273300170894,False,REGULAR,USD,call
QQQ261218C00805000,2026-08-03 19:08:30+00:00,805.0,8.07,8.02,8.35,1.6899996,26.489021,18.0,2957,0.2245560943603515,False,REGULAR,USD,call
QQQ261218C00810000,2026-08-03 20:02:48+00:00,810.0,7.33,7.26,7.56,1.5900002,27.700352,29.0,15242,0.22342695526123046,False,REGULAR,USD,call
QQQ261218C00815000,2026-08-03 20:14:49+00:00,815.0,6.7,6.57,6.85,1.7999997,36.734688,7249.0,1071,0.22249617843627928,False,REGULAR,USD,call
QQQ261218C00820000,2026-08-03 18:52:09+00:00,820.0,6.03,5.93,6.22,1.6300001,37.045456,605.0,19354,0.22187057434082028,False,REGULAR,USD,call
QQQ261218C00825000,2026-08-03 18:52:09+00:00,825.0,5.43,5.36,5.66,1.1699996,27.464779,155.0,3622,0.22147384979248047,False,REGULAR,USD,call
QQQ261218C00830000,2026-08-03 19:09:47+00:00,830.0,4.93,4.86,5.12,1.0799999,28.051947,193.0,2877,0.22080246978759765,False,REGULAR,USD,call
QQQ261218C00835000,2026-08-03 18:46:52+00:00,835.0,4.4,4.38,4.64,0.93000007,26.801155,181.0,780,0.22037522796630854,False,REGULAR,USD,call
QQQ261218C00840000,2026-08-03 19:53:05+00:00,840.0,4.11,3.96,4.18,1.0800002,35.64357,233.0,5403,0.21967333068847655,False,REGULAR,USD,call
QQQ261218C00845000,2026-08-03 18:39:06+00:00,845.0,3.67,3.57,3.82,2.0500002,126.54323,124.0,1201,0.21985643432617186,False,REGULAR,USD,call
QQQ261218C00850000,2026-08-03 19:50:08+00:00,850.0,3.35,3.25,3.43,0.78999996,30.859375,256.0,8038,0.21915453704833981,False,REGULAR,USD,call
QQQ261218C00855000,2026-08-03 18:54:28+00:00,855.0,2.99,2.91,3.14,0.6700001,28.879314,34.0,1562,0.21949022705078125,False,REGULAR,USD,call
QQQ261218C00860000,2026-08-03 20:05:29+00:00,860.0,2.73,2.66,2.83,0.73,36.5,86.0,21428,0.21912401977539062,False,REGULAR,USD,call
QQQ261218C00865000,2026-07-31 15:29:36+00:00,865.0,1.69,2.37,2.59,0.0,0.0,50.0,664,0.21955126159667968,False,REGULAR,USD,call
QQQ261218C00870000,2026-08-03 18:22:02+00:00,870.0,2.18,2.14,2.36,0.43000007,24.571432,3.0,10130,0.21976488250732418,False,REGULAR,USD,call
QQQ261218C00875000,2026-07-31 17:14:19+00:00,875.0,1.55,1.94,2.15,0.0,0.0,6.0,2601,0.22000902069091793,False,REGULAR,USD,call
QQQ261218C00880000,2026-08-03 18:37:54+00:00,880.0,1.77,1.79,1.94,0.31999993,22.06896,74.0,15940,0.21985643432617186,False,REGULAR,USD,call
QQQ261218C00885000,2026-08-03 18:50:41+00:00,885.0,1.65,1.6,1.79,0.34000003,25.954203,40.0,712,0.22068040069580075,False,REGULAR,USD,call
QQQ261218C00890000,2026-08-03 17:51:08+00:00,890.0,1.43,1.48,1.63,0.2299999,19.166658,45.0,1086,0.22095505615234373,False,REGULAR,USD,call
QQQ261218C00895000,2026-07-31 14:09:40+00:00,895.0,1.12,1.31,1.5,0.0,0.0,1.0,584,0.22168747070312497,False,REGULAR,USD,call
QQQ261218C00900000,2026-08-03 19:57:48+00:00,900.0,1.28,1.19,1.37,0.28999996,29.292925,31.0,14028,0.222114712524414,False,REGULAR,USD,call
QQQ261218C00905000,2026-08-03 18:49:26+00:00,905.0,1.15,1.1,1.26,0.17999995,18.556694,37.0,408,0.22278609252929685,False,REGULAR,USD,call
QQQ261218C00910000,2026-07-31 19:02:41+00:00,910.0,0.86,0.99,1.16,0.0,0.0,68.0,2512,0.2235185070800781,False,REGULAR,USD,call
QQQ261218C00915000,2026-07-30 19:07:00+00:00,915.0,0.81,0.9,1.07,0.0,0.0,1.0,294,0.22431195617675775,False,REGULAR,USD,call
QQQ261218C00920000,2026-07-30 19:20:23+00:00,920.0,0.77,0.81,0.99,0.0,0.0,8.0,1971,0.22516643981933593,False,REGULAR,USD,call
QQQ261218C00925000,2026-07-30 19:20:23+00:00,925.0,0.69,0.76,0.97,0.0,0.0,1.0,790,0.22809609802246095,False,REGULAR,USD,call
QQQ261218C00930000,2026-08-03 15:33:12+00:00,930.0,0.66,0.7,0.91,0.030000031,4.7619095,12.0,9761,0.22943885803222658,False,REGULAR,USD,call
QQQ261218C00935000,2026-07-30 19:08:03+00:00,935.0,0.6,0.65,0.85,0.0,0.0,1.0,407,0.23059851440429688,False,REGULAR,USD,call
QQQ261218C00940000,2026-08-03 17:38:38+00:00,940.0,0.64,0.6,0.79,0.060000002,10.344828,1.0,836,0.23151403259277342,False,REGULAR,USD,call
QQQ261218C00945000,2026-07-30 19:08:23+00:00,945.0,0.53,0.55,0.74,0.0,0.0,1.0,611,0.23267368896484375,False,REGULAR,USD,call
QQQ261218C00950000,2026-08-03 18:21:16+00:00,950.0,0.57,0.54,0.69,-0.00999999,-1.7241364,25.0,15135,0.23371127624511717,False,REGULAR,USD,call
QQQ261218C00955000,2026-07-30 19:21:41+00:00,955.0,0.52,0.48,0.66,0.0,0.0,1.0,736,0.2356033471679687,False,REGULAR,USD,call
QQQ261218C00960000,2026-08-03 20:10:22+00:00,960.0,0.51,0.44,0.63,0.01999998,4.081629,433.0,5468,0.23731231445312498,False,REGULAR,USD,call
QQQ261218C00965000,2026-07-30 19:06:12+00:00,965.0,0.46,0.42,0.59,0.0,0.0,1.0,464,0.23841093627929685,False,REGULAR,USD,call
QQQ261218C00970000,2026-07-31 16:04:22+00:00,970.0,0.46,0.39,0.56,0.0,0.0,1.0,6668,0.23987576538085933,False,REGULAR,USD,call
QQQ261218C00975000,2026-07-31 18:36:16+00:00,975.0,0.41,0.36,0.54,0.0,0.0,34.0,6098,0.24182887084960938,False,REGULAR,USD,call
QQQ261218C00980000,2026-08-03 15:44:40+00:00,980.0,0.33,0.37,0.51,-0.06999999,-17.499998,1.0,394,0.243171630859375,False,REGULAR,USD,call
QQQ261218C00985000,2026-07-31 18:36:16+00:00,985.0,0.38,0.32,0.49,0.0,0.0,43.0,167,0.24500266723632813,False,REGULAR,USD,call
QQQ261218C00990000,2026-07-31 18:36:17+00:00,990.0,0.37,0.3,0.47,0.0,0.0,3.0,6013,0.2467116345214844,False,REGULAR,USD,call
QQQ261218C00995000,2026-07-31 13:34:40+00:00,995.0,0.42,0.29,0.45,0.0,0.0,30.0,122,0.24829853271484376,False,REGULAR,USD,call
QQQ261218C01000000,2026-08-03 19:57:06+00:00,1000.0,0.33,0.3,0.44,0.0,0.0,36.0,13581,0.25061784545898436,False,REGULAR,USD,call
QQQ261218C01005000,2026-07-28 19:46:34+00:00,1005.0,0.27,0.26,0.42,0.0,0.0,1.0,138,0.2520826745605469,False,REGULAR,USD,call
QQQ261218C01010000,2026-07-15 16:06:14+00:00,1010.0,0.64,0.24,0.41,0.0,0.0,1.0,353,0.25427991821289064,False,REGULAR,USD,call
QQQ261218C01015000,2026-07-30 19:35:17+00:00,1015.0,0.31,0.23,0.39,0.0,0.0,1.0,101,0.2556226782226563,False,REGULAR,USD,call
QQQ261218C01020000,2026-08-03 16:16:58+00:00,1020.0,0.28,0.23,0.38,-0.03999999,-12.499997,1.0,142,0.2576978527832031,False,REGULAR,USD,call
QQQ261218C01025000,2026-08-03 16:18:11+00:00,1025.0,0.27,0.23,0.37,-0.03999999,-12.903223,1.0,198,0.25977302734375,False,REGULAR,USD,call
QQQ261218C01030000,2026-08-03 16:21:17+00:00,1030.0,0.26,0.21,0.36,-0.04000002,-13.333339,1.0,89,0.2617261328125,False,REGULAR,USD,call
QQQ261218C01035000,2026-08-03 19:47:15+00:00,1035.0,0.27,0.21,0.35,-0.030000001,-10.0,5.0,5053,0.26355716918945316,False,REGULAR,USD,call
QQQ261218C01040000,2026-08-03 19:45:41+00:00,1040.0,0.24,0.18,0.31,-0.049999997,-17.241379,2.0,78,0.26258061645507813,False,REGULAR,USD,call
QQQ261218C01045000,2026-07-28 14:00:25+00:00,1045.0,0.22,0.18,0.33,0.0,0.0,2.0,18,0.26734131103515624,False,REGULAR,USD,call
QQQ261218C01050000,2026-07-30 19:53:59+00:00,1050.0,0.28,0.17,0.33,0.0,0.0,2000.0,8891,0.2700268310546875,False,REGULAR,USD,call
QQQ261218C01060000,2026-07-28 13:30:47+00:00,1060.0,0.18,0.16,0.31,0.0,0.0,2.0,35,0.273444765625,False,REGULAR,USD,call
QQQ261218C01065000,2026-07-22 13:30:04+00:00,1065.0,0.24,0.15,0.31,0.0,0.0,,1,0.2761302856445312,False,REGULAR,USD,call
QQQ261218C01070000,2026-08-03 16:00:15+00:00,1070.0,0.18,0.15,0.26,0.0,0.0,8.0,56,0.2732006274414062,False,REGULAR,USD,call
QQQ261218C01080000,2026-08-03 13:52:34+00:00,1080.0,0.18,0.14,0.25,-0.019999996,-9.999997,113.0,11897,0.2771068383789062,False,REGULAR,USD,call
QQQ261218C01085000,2026-07-30 13:33:58+00:00,1085.0,0.14,0.13,0.25,0.0,0.0,3.0,16,0.2797923583984374,False,REGULAR,USD,call
QQQ261218C01090000,2026-08-03 19:08:35+00:00,1090.0,0.18,0.14,0.24,0.02000001,12.500007,12.0,404,0.2810130493164062,False,REGULAR,USD,call
QQQ261218C01100000,2026-08-03 19:59:59+00:00,1100.0,0.18,0.12,0.23,-0.029999986,-14.285707,1171.0,8721,0.2846751220703124,False,REGULAR,USD,call
QQQ261218P00204780,2026-08-03 17:50:59+00:00,204.78,0.13,0.12,0.15,-0.040000007,-23.529415,201.0,6712,0.7226590234375,False,REGULAR,USD,put
QQQ261218P00209780,2026-07-27 13:30:01+00:00,209.78,0.37,0.07,0.21,0.0,0.0,10.0,505,0.710940390625,False,REGULAR,USD,put
QQQ261218P00214780,2026-07-29 20:11:59+00:00,214.78,0.27,0.08,0.22,0.0,0.0,1000.0,200,0.70312796875,False,REGULAR,USD,put
QQQ261218P00219780,2026-07-30 15:59:25+00:00,219.78,0.2,0.08,0.23,0.0,0.0,1.0,145,0.6918976123046876,False,REGULAR,USD,put
QQQ261218P00224780,2026-03-18 19:55:18+00:00,224.78,1.06,0.45,0.69,0.0,0.0,1.0,241,0.7854025366210937,False,REGULAR,USD,put
QQQ261218P00229780,2026-07-30 13:53:57+00:00,229.78,0.25,0.11,0.25,0.0,0.0,1.0,407,0.676761044921875,False,REGULAR,USD,put
QQQ261218P00234780,2026-06-22 17:55:16+00:00,234.78,0.38,0.08,0.49,0.0,0.0,4.0,2236,0.6972686523437501,False,REGULAR,USD,put
QQQ261218P00239780,2026-07-24 16:12:27+00:00,239.78,0.32,0.16,0.31,0.0,0.0,2.0,379,0.6704134521484376,False,REGULAR,USD,put
QQQ261218P00244780,2026-07-29 14:31:07+00:00,244.78,0.33,0.14,0.29,0.0,0.0,1.0,632,0.6518589501953126,False,REGULAR,USD,put
QQQ261218P00249780,2026-07-28 16:17:01+00:00,249.78,0.34,0.19,0.34,0.0,0.0,15.0,633,0.6543003320312502,False,REGULAR,USD,put
QQQ261218P00250000,2026-08-03 16:17:27+00:00,250.0,0.25,0.19,0.29,-0.02000001,-7.4074106,1.0,555,0.6469761865234375,False,REGULAR,USD,put
QQQ261218P00254780,2026-07-31 17:39:35+00:00,254.78,0.27,0.21,0.36,0.0,0.0,333.0,666,0.647464462890625,False,REGULAR,USD,put
QQQ261218P00255000,2026-08-03 19:39:02+00:00,255.0,0.27,0.21,0.32,0.0,0.0,5.0,349,0.6420934228515626,False,REGULAR,USD,put
QQQ261218P00259780,2026-06-22 17:55:17+00:00,259.78,0.52,0.18,0.59,0.0,0.0,27.0,1358,0.65820654296875,False,REGULAR,USD,put
QQQ261218P00260000,2026-08-03 14:29:13+00:00,260.0,0.3,0.24,0.34,0.01000002,3.448283,4.0,258,0.6367223828125,False,REGULAR,USD,put
QQQ261218P00264780,2026-08-03 17:03:22+00:00,264.78,0.31,0.24,0.36,-0.62,-66.666664,2.0,358,0.6279334082031252,False,REGULAR,USD,put
QQQ261218P00265000,2026-08-03 14:22:10+00:00,265.0,0.31,0.26,0.36,0.0,0.0,1.0,213,0.629886513671875,False,REGULAR,USD,put
QQQ261218P00269780,2026-06-22 17:55:16+00:00,269.78,0.58,0.23,0.64,0.0,0.0,8.0,3606,0.6438023901367188,False,REGULAR,USD,put
QQQ261218P00270000,2026-07-30 19:22:05+00:00,270.0,0.37,0.26,0.42,0.0,0.0,1.0,186,0.6250037500000001,False,REGULAR,USD,put
QQQ261218P00274780,2026-07-30 19:21:24+00:00,274.78,0.38,0.28,0.41,0.0,0.0,1.0,559,0.6152382226562501,False,REGULAR,USD,put
QQQ261218P00275000,2026-07-30 19:11:10+00:00,275.0,0.39,0.29,0.44,0.0,0.0,1.0,336,0.6186561572265626,False,REGULAR,USD,put
QQQ261218P00279780,2026-07-31 13:46:36+00:00,279.78,0.37,0.27,0.43,0.0,0.0,1.0,415,0.6049844189453126,False,REGULAR,USD,put
QQQ261218P00280000,2026-07-30 19:11:38+00:00,280.0,0.41,0.31,0.47,0.0,0.0,1.0,105,0.6123085644531252,False,REGULAR,USD,put
QQQ261218P00284780,2026-07-30 19:11:38+00:00,284.78,0.47,0.29,0.45,0.0,0.0,1.0,3826,0.5976602734375001,False,REGULAR,USD,put
QQQ261218P00285000,2026-07-31 17:39:35+00:00,285.0,0.4,0.33,0.46,0.0,0.0,60.0,694,0.6020547607421877,False,REGULAR,USD,put
QQQ261218P00289780,2026-07-30 19:21:24+00:00,289.78,0.48,0.31,0.51,0.0,0.0,1.0,485,0.5942423388671876,False,REGULAR,USD,put
QQQ261218P00290000,2026-07-24 14:05:36+00:00,290.0,0.62,0.35,0.51,0.0,0.0,72.0,257,0.5971719970703125,False,REGULAR,USD,put
QQQ261218P00294780,2026-07-30 19:22:05+00:00,294.78,0.52,0.34,0.5,0.0,0.0,1.0,2858,0.584965087890625,False,REGULAR,USD,put
QQQ261218P00295000,2026-07-30 19:11:21+00:00,295.0,0.48,0.38,0.51,0.0,0.0,1.0,219,0.5886271606445312,False,REGULAR,USD,put
QQQ261218P00299780,2026-07-30 19:21:49+00:00,299.78,0.51,0.36,0.53,0.0,0.0,1.0,2433,0.5786174951171875,False,REGULAR,USD,put
QQQ261218P00300000,2026-08-03 14:59:04+00:00,300.0,0.45,0.41,0.53,-0.06999999,-13.461537,1.0,3511,0.5820354296875,False,REGULAR,USD,put
QQQ261218P00304780,2026-07-30 19:21:03+00:00,304.78,0.55,0.39,0.56,0.0,0.0,1.0,402,0.5725140405273439,False,REGULAR,USD,put
QQQ261218P00305000,2026-07-30 19:44:41+00:00,305.0,0.56,0.43,0.56,0.0,0.0,29.0,290,0.5749554223632812,False,REGULAR,USD,put
QQQ261218P00309780,2026-07-30 19:23:47+00:00,309.78,0.6,0.42,0.59,0.0,0.0,1.0,503,0.5664105859375,False,REGULAR,USD,put
QQQ261218P00310000,2026-07-30 19:21:03+00:00,310.0,0.61,0.46,0.59,0.0,0.0,1.0,335,0.5688519677734375,False,REGULAR,USD,put
QQQ261218P00314780,2026-07-31 20:05:30+00:00,314.78,0.55,0.48,0.62,0.0,0.0,1.0,489,0.5622602368164062,False,REGULAR,USD,put
QQQ261218P00315000,2026-07-30 19:21:49+00:00,315.0,0.64,0.49,0.62,0.0,0.0,1.0,2772,0.5622602368164062,False,REGULAR,USD,put
QQQ261218P00319780,2026-07-30 19:11:21+00:00,319.78,0.68,0.48,0.66,0.0,0.0,1.0,2240,0.5544478149414063,False,REGULAR,USD,put
QQQ261218P00320000,2026-07-27 14:10:23+00:00,320.0,0.81,0.52,0.66,0.0,0.0,1.0,582,0.5564009204101563,False,REGULAR,USD,put
QQQ261218P00324780,2026-07-02 13:46:18+00:00,324.78,0.86,0.51,0.69,0.0,0.0,21.0,626,0.5478560839843751,False,REGULAR,USD,put
QQQ261218P00325000,2026-08-03 19:36:31+00:00,325.0,0.61,0.56,0.69,-0.13999999,-18.666664,40.0,479,0.5504195349121095,False,REGULAR,USD,put
QQQ261218P00329780,2026-08-03 18:07:05+00:00,329.78,0.63,0.59,0.72,-0.28000003,-30.769234,76.0,5946,0.5441940112304688,False,REGULAR,USD,put
QQQ261218P00330000,2026-07-27 19:23:23+00:00,330.0,0.66,0.59,0.72,-0.21999997,-24.999996,60.0,884,0.5437057348632813,False,REGULAR,USD,put
QQQ261218P00334780,2026-07-23 14:35:15+00:00,334.78,0.93,0.62,0.76,0.0,0.0,2.0,1127,0.5378464184570313,False,REGULAR,USD,put
QQQ261218P00335000,2026-08-03 20:10:22+00:00,335.0,0.65,0.62,0.76,-0.19,-22.61905,438.0,183,0.5373581420898439,False,REGULAR,USD,put
QQQ261218P00339780,2026-07-28 19:06:33+00:00,339.78,0.91,0.65,0.8,0.0,0.0,21.0,745,0.5314988256835937,False,REGULAR,USD,put
QQQ261218P00340000,2026-07-30 17:03:34+00:00,340.0,0.83,0.66,0.8,0.0,0.0,30.0,273,0.5314988256835937,False,REGULAR,USD,put
QQQ261218P00344780,2026-07-30 19:23:37+00:00,344.78,0.85,0.69,0.84,0.0,0.0,3.0,7852,0.5255174401855469,False,REGULAR,USD,put
QQQ261218P00345000,2026-08-03 18:30:45+00:00,345.0,0.75,0.7,0.83,-0.110000014,-12.7907,36.0,202,0.5251512329101562,False,REGULAR,USD,put
QQQ261218P00349780,2026-08-03 18:13:06+00:00,349.78,0.78,0.74,0.88,-0.13000005,-14.28572,37.0,2619,0.5199022619628906,False,REGULAR,USD,put
QQQ261218P00350000,2026-08-03 15:35:42+00:00,350.0,0.78,0.74,0.88,-0.07000005,-8.2353,20.0,1601,0.5195360546875,False,REGULAR,USD,put
QQQ261218P00354780,2026-07-23 18:38:08+00:00,354.78,1.22,0.77,0.92,0.0,0.0,1.0,589,0.5131884619140624,False,REGULAR,USD,put
QQQ261218P00355000,2026-08-03 15:32:09+00:00,355.0,0.85,0.74,0.92,-0.060000002,-6.593406,2.0,185,0.5114794946289063,False,REGULAR,USD,put
QQQ261218P00359780,2026-07-30 19:08:57+00:00,359.78,1.05,0.82,0.97,0.0,0.0,1.0,2332,0.507817421875,False,REGULAR,USD,put
QQQ261218P00360000,2026-07-31 17:37:06+00:00,360.0,0.95,0.83,0.97,0.0,0.0,131.0,1012,0.507817421875,False,REGULAR,USD,put
QQQ261218P00364780,2026-07-23 18:38:08+00:00,364.78,1.35,0.86,1.01,0.0,0.0,1.0,667,0.5013477600097658,False,REGULAR,USD,put
QQQ261218P00365000,2026-07-07 14:07:25+00:00,365.0,1.31,0.83,1.02,0.0,0.0,1.0,103,0.5002491381835938,False,REGULAR,USD,put
QQQ261218P00369780,2026-07-31 17:23:42+00:00,369.78,1.09,0.91,1.06,0.0,0.0,30.0,4084,0.501103621826172,False,REGULAR,USD,put
QQQ261218P00370000,2026-08-03 18:06:03+00:00,370.0,0.96,0.91,1.06,-0.31,-24.409449,1.0,715,0.5007374145507812,False,REGULAR,USD,put
QQQ261218P00374780,2026-08-03 14:18:20+00:00,374.78,1.04,0.96,1.11,-0.47000003,-31.12583,33.0,2057,0.4950001672363281,False,REGULAR,USD,put
QQQ261218P00375000,2026-07-31 19:44:16+00:00,375.0,1.11,0.96,1.11,0.0,0.0,12.0,1155,0.4946339599609375,False,REGULAR,USD,put
QQQ261218P00379780,2026-07-28 18:58:06+00:00,379.78,1.41,1.01,1.17,0.0,0.0,1.0,5137,0.48950705810546885,False,REGULAR,USD,put
QQQ261218P00380000,2026-07-31 13:33:12+00:00,380.0,1.12,1.01,1.17,0.0,0.0,1.0,3289,0.4891408508300782,False,REGULAR,USD,put
QQQ261218P00384780,2026-07-28 19:00:15+00:00,384.78,1.48,1.06,1.22,0.0,0.0,1.0,408,0.48328153442382815,False,REGULAR,USD,put
QQQ261218P00385000,2026-07-28 19:18:35+00:00,385.0,1.49,1.07,1.22,0.0,0.0,39.0,213,0.48279325805664064,False,REGULAR,USD,put
QQQ261218P00389780,2026-05-28 13:51:36+00:00,389.78,2.05,0.0,0.0,0.0,0.0,7.0,0,0.12500875,False,REGULAR,USD,put
QQQ261218P00390000,2026-07-31 13:33:12+00:00,390.0,1.24,1.12,1.28,0.0,0.0,1.0,1885,0.4770560107421875,False,REGULAR,USD,put
QQQ261218P00394780,2026-07-30 14:04:39+00:00,394.78,1.55,1.18,1.34,0.0,0.0,1.0,817,0.471684970703125,False,REGULAR,USD,put
QQQ261218P00395000,2026-07-31 19:54:18+00:00,395.0,1.38,1.18,1.34,0.0,0.0,1.0,94,0.47119669433593747,False,REGULAR,USD,put
QQQ261218P00399780,2026-07-29 14:01:16+00:00,399.78,1.84,1.24,1.4,0.0,0.0,38.0,3691,0.46570358520507815,False,REGULAR,USD,put
QQQ261218P00400000,2026-08-03 20:12:36+00:00,400.0,1.33,1.3,1.4,-0.089999914,-6.338022,360.0,29930,0.46533737792968755,False,REGULAR,USD,put
QQQ261218P00404780,2026-07-29 14:49:25+00:00,404.78,1.96,1.26,1.47,0.0,0.0,8.0,1413,0.4602104760742188,False,REGULAR,USD,put
QQQ261218P00405000,2026-07-29 14:01:11+00:00,405.0,1.93,1.31,1.47,0.0,0.0,11.0,202,0.45978323425292966,False,REGULAR,USD,put
QQQ261218P00409780,2026-08-03 18:28:38+00:00,409.78,1.46,1.33,1.54,-0.69000006,-32.093025,2.0,604,0.4545952978515625,False,REGULAR,USD,put
QQQ261218P00410000,2026-08-03 15:33:12+00:00,410.0,1.45,1.38,1.55,-0.3499999,-19.44444,8.0,5597,0.4545952978515625,False,REGULAR,USD,put
QQQ261218P00414780,2026-07-23 13:39:13+00:00,414.78,2.09,1.4,1.62,0.0,0.0,1.0,2288,0.4492852923583984,False,REGULAR,USD,put
QQQ261218P00415000,2026-07-28 19:01:05+00:00,415.0,2.04,1.45,1.62,0.0,0.0,32.0,767,0.44885805053710937,False,REGULAR,USD,put
QQQ261218P00419780,2026-07-23 19:43:31+00:00,419.78,2.39,1.47,1.7,0.0,0.0,1.0,513,0.44385321777343745,False,REGULAR,USD,put
QQQ261218P00420000,2026-08-03 18:16:13+00:00,420.0,1.56,1.54,1.7,-0.22000003,-12.359553,8.0,7754,0.44348701049804684,False,REGULAR,USD,put
QQQ261218P00424780,2026-07-29 14:04:00+00:00,424.78,2.38,1.55,1.78,0.0,0.0,51.0,1603,0.43836010864257813,False,REGULAR,USD,put
QQQ261218P00425000,2026-07-31 14:45:56+00:00,425.0,2.0,1.61,1.78,0.0,0.0,2.0,419,0.43793286682128907,False,REGULAR,USD,put
QQQ261218P00429780,2026-06-23 13:30:00+00:00,429.78,3.46,2.16,2.66,0.0,0.0,2.0,297,0.462041512451172,False,REGULAR,USD,put
QQQ261218P00430000,2026-08-03 18:00:29+00:00,430.0,1.75,1.7,1.87,-0.3900001,-18.224304,2.0,8605,0.4327449304199219,False,REGULAR,USD,put
QQQ261218P00434780,2026-07-02 18:54:25+00:00,434.78,2.96,1.73,1.96,0.0,0.0,1.0,143,0.42774009765625004,False,REGULAR,USD,put
QQQ261218P00435000,2026-08-03 18:06:01+00:00,435.0,1.84,1.79,1.97,-0.15999997,-7.999998,1.0,341,0.42774009765625004,False,REGULAR,USD,put
QQQ261218P00439780,2026-07-30 14:53:21+00:00,439.78,2.58,1.83,2.06,0.0,0.0,4.0,1193,0.4226131958007812,False,REGULAR,USD,put
QQQ261218P00440000,2026-08-03 19:22:15+00:00,440.0,1.98,1.83,2.06,-0.21000004,-9.589043,1.0,7320,0.4222469885253906,False,REGULAR,USD,put
QQQ261218P00444780,2026-07-31 13:34:52+00:00,444.78,2.18,1.98,2.16,0.0,0.0,1.0,1758,0.41736422485351554,False,REGULAR,USD,put
QQQ261218P00445000,2026-08-03 14:48:10+00:00,445.0,2.1,1.98,2.17,-0.77,-26.82927,4.0,231,0.41736422485351554,False,REGULAR,USD,put
QQQ261218P00449780,2026-06-30 16:43:27+00:00,449.78,2.98,2.03,2.27,0.0,0.0,2.0,447,0.4122983575439453,False,REGULAR,USD,put
QQQ261218P00450000,2026-08-03 17:53:18+00:00,450.0,2.13,2.09,2.27,-0.29999995,-12.345677,200.0,15342,0.4119321502685547,False,REGULAR,USD,put
QQQ261218P00454780,2026-07-24 19:34:46+00:00,454.78,3.42,2.14,2.39,0.0,0.0,8.0,1865,0.4074766284179688,False,REGULAR,USD,put
QQQ261218P00455000,2026-08-03 18:35:00+00:00,455.0,2.33,2.2,2.39,-0.5,-17.667845,6.0,2514,0.40704938659667966,False,REGULAR,USD,put
QQQ261218P00459780,2026-07-31 14:03:28+00:00,459.78,2.92,2.26,2.51,0.0,0.0,31.0,293,0.40241076110839846,False,REGULAR,USD,put
QQQ261218P00460000,2026-08-03 17:53:18+00:00,460.0,2.38,2.26,2.52,-0.3699999,-13.454541,329.0,4395,0.4023497265625,False,REGULAR,USD,put
QQQ261218P00464780,2026-07-31 14:19:46+00:00,464.78,3.24,2.38,2.64,0.0,0.0,30.0,494,0.39752799743652345,False,REGULAR,USD,put
QQQ261218P00465000,2026-07-31 17:02:43+00:00,465.0,2.95,2.45,2.64,0.0,0.0,100.0,2342,0.39716179016113284,False,REGULAR,USD,put
QQQ261218P00469780,2026-07-31 20:07:53+00:00,469.78,3.08,2.57,2.77,0.0,0.0,7.0,450,0.39252316467285153,False,REGULAR,USD,put
QQQ261218P00470000,2026-08-03 16:29:15+00:00,470.0,2.66,2.59,2.78,-0.4499998,-14.469448,3.0,4183,0.3924010955810546,False,REGULAR,USD,put
QQQ261218P00474780,2026-08-03 17:06:23+00:00,474.78,2.81,2.65,2.92,-0.33000016,-10.509559,2.0,1154,0.38788453918457033,False,REGULAR,USD,put
QQQ261218P00475000,2026-07-31 19:57:28+00:00,475.0,3.16,2.72,2.92,0.0,0.0,8.0,1327,0.3874878146362304,False,REGULAR,USD,put
QQQ261218P00479780,2026-07-31 19:57:28+00:00,479.78,3.32,2.8,3.07,0.0,0.0,2.0,332,0.3830628100585937,False,REGULAR,USD,put
QQQ261218P00480000,2026-08-03 19:46:07+00:00,480.0,2.98,2.87,3.08,-0.3499999,-10.510509,4.0,18460,0.38294074096679687,False,REGULAR,USD,put
QQQ261218P00484780,2026-07-31 19:57:28+00:00,484.78,3.5,2.97,3.23,0.0,0.0,36.0,1694,0.37830211547851555,False,REGULAR,USD,put
QQQ261218P00485000,2026-07-31 19:57:28+00:00,485.0,3.51,2.96,3.24,0.0,0.0,3.0,1454,0.3781800463867187,False,REGULAR,USD,put
QQQ261218P00489780,2026-08-03 16:31:12+00:00,489.78,3.26,3.19,3.4,-0.53999996,-14.2105255,6.0,639,0.37366348999023435,False,REGULAR,USD,put
QQQ261218P00490000,2026-08-03 16:53:08+00:00,490.0,3.28,3.2,3.38,-0.6500001,-16.539442,6.0,7275,0.37280900634765624,False,REGULAR,USD,put
QQQ261218P00494780,2026-07-31 15:19:02+00:00,494.78,4.29,3.29,3.58,0.0,0.0,3.0,745,0.36902486450195315,False,REGULAR,USD,put
QQQ261218P00495000,2026-08-03 18:11:14+00:00,495.0,3.37,3.37,3.58,-0.8800001,-20.705887,3.0,1298,0.36865865722656255,False,REGULAR,USD,put
QQQ261218P00499780,2026-07-22 18:18:09+00:00,499.78,4.45,3.47,3.76,0.0,0.0,5.0,739,0.3642336526489258,False,REGULAR,USD,put
QQQ261218P00500000,2026-08-03 20:12:11+00:00,500.0,3.65,3.55,3.74,-0.42999983,-10.539212,271.0,18392,0.36340968627929693,False,REGULAR,USD,put
QQQ261218P00504780,2026-07-29 14:26:00+00:00,504.78,5.89,3.66,3.96,0.0,0.0,41.0,2713,0.3596865789794922,False,REGULAR,USD,put
QQQ261218P00505000,2026-08-03 14:03:25+00:00,505.0,4.12,3.75,3.97,-0.25,-5.720824,2.0,3435,0.35950347534179683,False,REGULAR,USD,put
QQQ261218P00509780,2026-07-28 14:45:43+00:00,509.78,6.31,3.87,4.17,0.0,0.0,1.0,312,0.35510898803710933,False,REGULAR,USD,put
QQQ261218P00510000,2026-08-03 19:41:25+00:00,510.0,3.98,3.96,4.18,-0.6199999,-13.478259,15.0,6141,0.35492588439941397,False,REGULAR,USD,put
QQQ261218P00514780,2026-07-23 17:05:03+00:00,514.78,6.32,4.08,4.4,0.0,0.0,1.0,348,0.3507755352783203,False,REGULAR,USD,put
QQQ261218P00515000,2026-08-03 17:19:37+00:00,515.0,4.26,4.16,4.41,-0.78999996,-15.643564,1.0,2718,0.3505619143676757,False,REGULAR,USD,put
QQQ261218P00519780,2026-08-03 18:12:18+00:00,519.78,4.45,4.31,4.63,-0.6700001,-13.085939,1.0,807,0.3461979443359374,False,REGULAR,USD,put
QQQ261218P00520000,2026-08-03 18:14:43+00:00,520.0,4.46,4.41,4.61,-0.73,-14.065511,33.0,8035,0.345435012512207,False,REGULAR,USD,put
QQQ261218P00524780,2026-07-29 14:33:19+00:00,524.78,7.23,4.55,4.88,0.0,0.0,4.0,396,0.3417729397583008,False,REGULAR,USD,put
QQQ261218P00525000,2026-08-03 18:14:08+00:00,525.0,4.71,4.64,4.9,-0.88999987,-15.892855,9.0,2978,0.3417424224853516,False,REGULAR,USD,put
QQQ261218P00529780,2026-07-31 17:01:51+00:00,529.78,6.01,4.8,5.15,0.0,0.0,21.0,441,0.337470004272461,False,REGULAR,USD,put
QQQ261218P00530000,2026-08-03 19:41:25+00:00,530.0,4.95,4.91,5.14,-0.94000006,-15.959254,31.0,23162,0.336920693359375,False,REGULAR,USD,put
QQQ261218P00534780,2026-07-31 13:53:01+00:00,534.78,6.57,5.08,5.43,0.0,0.0,53.0,445,0.33313655151367194,False,REGULAR,USD,put
QQQ261218P00535000,2026-08-03 19:34:47+00:00,535.0,5.26,5.1,5.44,-1.8299999,-25.811,1.0,1876,0.33289241333007813,False,REGULAR,USD,put
QQQ261218P00539780,2026-08-03 16:48:58+00:00,539.78,5.61,5.37,5.73,-2.0899997,-27.142855,41.0,486,0.3288641333007812,False,REGULAR,USD,put
QQQ261218P00540000,2026-08-03 19:36:51+00:00,540.0,5.64,5.5,5.71,-0.84000015,-12.962965,348.0,16823,0.32816223602294914,False,REGULAR,USD,put
QQQ261218P00544780,2026-08-03 16:55:43+00:00,544.78,5.96,5.68,6.04,-2.1999998,-26.960783,2.0,633,0.32450016326904285,False,REGULAR,USD,put
QQQ261218P00545000,2026-08-03 16:48:54+00:00,545.0,5.95,5.78,6.06,-0.99000025,-14.265133,7.0,1146,0.3244086114501953,False,REGULAR,USD,put
QQQ261218P00549780,2026-08-03 16:50:43+00:00,549.78,6.28,6.01,6.38,-2.2800002,-26.635515,2.0,400,0.32034981414794916,False,REGULAR,USD,put
QQQ261218P00550000,2026-08-03 18:40:01+00:00,550.0,6.32,6.12,6.37,-0.87999964,-12.222218,354.0,19312,0.3198005032348632,False,REGULAR,USD,put
QQQ261218P00554780,2026-08-03 17:00:48+00:00,554.78,6.68,6.35,6.74,-3.3200002,-33.200005,2.0,3922,0.3162299822998046,False,REGULAR,USD,put
QQQ261218P00555000,2026-08-03 18:18:48+00:00,555.0,6.54,6.38,6.75,-2.13,-24.567476,8.0,7847,0.31595532684326166,False,REGULAR,USD,put
QQQ261218P00559780,2026-08-03 17:01:23+00:00,559.78,7.05,6.72,7.11,-1.21,-14.64891,2.0,342,0.311957564086914,False,REGULAR,USD,put
QQQ261218P00560000,2026-08-03 19:25:31+00:00,560.0,7.0,6.84,7.13,-1.29,-15.560917,11.0,14546,0.3118202363586425,False,REGULAR,USD,put
QQQ261218P00564780,2026-08-03 17:01:35+00:00,564.78,7.47,7.12,7.52,-1.2800002,-14.628573,3.0,810,0.30795980133056633,False,REGULAR,USD,put
QQQ261218P00565000,2026-08-03 19:34:47+00:00,565.0,7.34,7.25,7.53,-1.3800001,-15.825689,63.0,4595,0.3076851458740234,False,REGULAR,USD,put
QQQ261218P00569780,2026-08-03 17:10:53+00:00,569.78,7.86,7.62,7.95,-1.4100003,-15.210359,4.0,882,0.30393152130126955,False,REGULAR,USD,put
QQQ261218P00570000,2026-08-03 19:27:12+00:00,570.0,7.82,7.68,7.96,-1.48,-15.913979,151.0,6952,0.3036568658447265,False,REGULAR,USD,put
QQQ261218P00574780,2026-08-03 16:57:44+00:00,574.78,8.37,8.09,8.4,-1.46,-14.852492,3.0,1704,0.2998727239990234,False,REGULAR,USD,put
QQQ261218P00575000,2026-08-03 19:27:58+00:00,575.0,8.28,8.11,8.41,-1.3000002,-13.569939,72.0,13546,0.2995675512695312,False,REGULAR,USD,put
QQQ261218P00579780,2026-08-03 17:01:52+00:00,579.78,8.87,8.54,8.9,-1.5500002,-14.875241,3.0,1306,0.29607332351684573,False,REGULAR,USD,put
QQQ261218P00580000,2026-08-03 20:10:41+00:00,580.0,8.78,8.62,8.9,-1.46,-14.2578125,149.0,11943,0.29566134033203123,False,REGULAR,USD,put
QQQ261218P00584780,2026-08-03 17:02:04+00:00,584.78,9.4,9.08,9.42,-6.26,-39.974457,3.0,924,0.29218237121582025,False,REGULAR,USD,put
QQQ261218P00585000,2026-08-03 18:18:48+00:00,585.0,9.21,9.07,9.41,-1.6700001,-15.349264,24.0,2019,0.2916635775756835,False,REGULAR,USD,put
QQQ261218P00589780,2026-08-03 17:21:17+00:00,589.78,9.84,9.58,9.97,-3.6800003,-27.218937,6.0,785,0.2883066775512695,False,REGULAR,USD,put
QQQ261218P00590000,2026-08-03 19:08:03+00:00,590.0,9.88,9.68,9.96,-2.04,-17.114094,31.0,9593,0.28778788391113275,False,REGULAR,USD,put
QQQ261218P00594780,2026-08-03 17:22:33+00:00,594.78,10.4,10.17,10.55,-2.9100008,-21.863266,3.0,876,0.28443098388671867,False,REGULAR,USD,put
QQQ261218P00595000,2026-08-03 19:14:35+00:00,595.0,10.56,10.22,10.56,-1.6399994,-13.442618,136.0,2205,0.28409529388427723,False,REGULAR,USD,put
QQQ261218P00599780,2026-08-03 17:00:04+00:00,599.78,11.21,10.78,11.17,-2.87,-20.383522,2.0,1066,0.2806010661315917,False,REGULAR,USD,put
QQQ261218P00600000,2026-08-03 20:04:57+00:00,600.0,11.13,10.85,11.17,-1.6700001,-13.046875,292.0,33981,0.28017382431030263,False,REGULAR,USD,put
QQQ261218P00604780,2026-08-03 19:15:42+00:00,604.78,11.75,11.43,11.84,-3.8000002,-24.437302,6.0,862,0.2769237347412109,False,REGULAR,USD,put
QQQ261218P00605000,2026-08-03 17:14:01+00:00,605.0,11.8,11.46,11.86,-3.08,-20.698925,509.0,9264,0.2766643379211425,False,REGULAR,USD,put
QQQ261218P00609780,2026-08-03 19:46:09+00:00,609.78,12.3,12.14,12.54,-3.4899998,-22.102594,3.0,1472,0.27315485153198243,False,REGULAR,USD,put
QQQ261218P00610000,2026-08-03 18:44:46+00:00,610.0,12.48,12.24,12.56,-2.3200006,-15.675679,39.0,8889,0.2728801960754394,False,REGULAR,USD,put
QQQ261218P00615000,2026-08-03 17:43:59+00:00,615.0,13.2,12.92,13.33,-2.54,-16.13723,512.0,10752,0.26935545104980463,False,REGULAR,USD,put
QQQ261218P00620000,2026-08-03 19:38:45+00:00,620.0,14.0,13.81,14.13,-2.5100002,-15.2029085,189.0,21420,0.2657238955688477,False,REGULAR,USD,put
QQQ261218P00625000,2026-08-03 19:37:46+00:00,625.0,14.88,14.61,14.99,-2.3200006,-13.488375,16.0,8161,0.2621838919067383,False,REGULAR,USD,put
QQQ261218P00630000,2026-08-03 20:14:09+00:00,630.0,15.73,15.47,15.89,-2.4799995,-13.618889,22.0,9199,0.25858285369873046,False,REGULAR,USD,put
QQQ261218P00635000,2026-08-03 19:39:41+00:00,635.0,16.82,16.43,16.86,-2.6100006,-13.432838,55.0,4398,0.25510388458251965,False,REGULAR,USD,put
QQQ261218P00640000,2026-08-03 20:00:11+00:00,640.0,17.87,17.55,17.9,-3.1299992,-14.9047575,48.0,18550,0.25173172592163084,False,REGULAR,USD,put
QQQ261218P00645000,2026-08-03 19:45:03+00:00,645.0,18.85,18.55,18.99,-3.0100002,-13.769443,16.0,9283,0.24828327407836914,False,REGULAR,USD,put
QQQ261218P00650000,2026-08-03 20:14:09+00:00,650.0,19.99,19.79,20.16,-3.8099995,-16.008402,1704.0,21084,0.2449568913269043,False,REGULAR,USD,put
QQQ261218P00655000,2026-08-03 19:41:53+00:00,655.0,21.2,20.94,21.39,-4.0099983,-15.90638,42.0,9387,0.24158473266601563,False,REGULAR,USD,put
QQQ261218P00660000,2026-08-03 20:10:41+00:00,660.0,22.6,22.33,22.71,-4.529999,-16.697378,272.0,195547,0.23834990173339843,False,REGULAR,USD,put
QQQ261218P00665000,2026-08-03 19:51:49+00:00,665.0,23.8,23.66,24.13,-4.1900005,-14.969634,155.0,3711,0.23526765716552733,False,REGULAR,USD,put
QQQ261218P00670000,2026-08-03 18:49:29+00:00,670.0,25.58,25.18,25.61,-3.67,-12.5470085,101.0,11666,0.23206334350585936,False,REGULAR,USD,put
QQQ261218P00675000,2026-08-03 19:54:18+00:00,675.0,27.1,26.66,27.18,-4.83,-15.12684,272.0,10831,0.22892006439208984,False,REGULAR,USD,put
QQQ261218P00680000,2026-08-03 19:58:37+00:00,680.0,28.74,28.37,28.84,-5.750002,-16.671503,176.0,51291,0.2257920439147949,False,REGULAR,USD,put
QQQ261218P00685000,2026-08-03 19:26:00+00:00,685.0,30.35,30.06,30.6,-4.74,-13.5081215,227.0,2751,0.22272505798339842,False,REGULAR,USD,put
QQQ261218P00690000,2026-08-03 19:21:11+00:00,690.0,32.1,31.9,32.46,-5.3700027,-14.331471,605.0,7964,0.21968858932495117,False,REGULAR,USD,put
QQQ261218P00695000,2026-08-03 19:17:41+00:00,695.0,34.35,33.84,34.41,-6.1100006,-15.1013365,97.0,1153,0.21661397407531738,False,REGULAR,USD,put
QQQ261218P00700000,2026-08-03 19:56:04+00:00,700.0,36.5,36.0,36.42,-5.09,-12.238519,1110.0,42300,0.21329522064208983,False,REGULAR,USD,put
QQQ261218P00705000,2026-08-03 19:08:03+00:00,705.0,38.34,38.04,38.64,-8.810001,-18.68505,41.0,2904,0.21059444198608396,True,REGULAR,USD,put
QQQ261218P00710000,2026-08-03 19:44:25+00:00,710.0,40.5,40.3,40.91,-6.4799995,-13.793102,1036.0,2479,0.2075579733276367,True,REGULAR,USD,put
QQQ261218P00715000,2026-08-03 19:54:50+00:00,715.0,43.03,42.68,43.29,-10.73,-19.959078,92.0,1151,0.20450624603271478,True,REGULAR,USD,put
QQQ261218P00720000,2026-08-03 19:33:12+00:00,720.0,45.53,45.17,45.79,-6.8700027,-13.110691,15.0,6671,0.2014850360107422,True,REGULAR,USD,put
QQQ261218P00725000,2026-08-03 19:25:38+00:00,725.0,48.02,47.77,48.43,-7.079998,-12.849361,5.0,3548,0.198601153717041,True,REGULAR,USD,put
QQQ261218P00730000,2026-08-03 16:37:01+00:00,730.0,51.76,49.95,51.18,-7.170002,-12.166981,3.0,3944,0.19565623687744144,True,REGULAR,USD,put
QQQ261218P00735000,2026-08-03 14:35:22+00:00,735.0,56.82,52.78,55.83,-4.1500015,-6.8066287,1.0,4109,0.20372805557250978,True,REGULAR,USD,put
QQQ261218P00740000,2026-07-31 14:57:11+00:00,740.0,63.8,56.16,57.06,-1.8600044,-2.8327816,2.0,6202,0.18985795501708985,True,REGULAR,USD,put
QQQ261218P00745000,2026-08-03 19:58:04+00:00,745.0,60.04,59.22,60.14,-29.690002,-33.088154,3.0,2122,0.18665364135742188,True,REGULAR,USD,put
QQQ261218P00750000,2026-08-03 18:58:29+00:00,750.0,62.5,62.04,64.5,-7.3499985,-10.522547,1605.0,8518,0.19126174957275394,True,REGULAR,USD,put
QQQ261218P00755000,2026-07-27 15:07:58+00:00,755.0,81.89,65.39,68.43,0.0,0.0,5.0,154,0.1925129577636719,True,REGULAR,USD,put
QQQ261218P00760000,2026-08-03 19:53:46+00:00,760.0,70.0,68.89,72.0,-17.419998,-19.926788,2.0,3731,0.1906361454772949,True,REGULAR,USD,put
QQQ261218P00765000,2026-07-29 18:08:15+00:00,765.0,94.56,72.43,75.6,0.0,0.0,1.0,322,0.1881947636413574,True,REGULAR,USD,put
QQQ261218P00770000,2026-07-29 19:27:34+00:00,770.0,102.37,76.16,79.3,0.0,0.0,4.0,412,0.18567708862304685,True,REGULAR,USD,put
QQQ261218P00775000,2026-07-29 19:27:34+00:00,775.0,106.86,79.98,83.17,0.0,0.0,2.0,188,0.18369346588134766,True,REGULAR,USD,put
QQQ261218P00780000,2026-07-30 19:50:15+00:00,780.0,99.15,83.9,87.12,0.0,0.0,2.0,133,0.1815572567749023,True,REGULAR,USD,put
QQQ261218P00785000,2026-07-24 14:49:07+00:00,785.0,104.09,87.95,91.18,0.0,0.0,1.0,205,0.17955837539672853,True,REGULAR,USD,put
QQQ261218P00790000,2026-07-30 17:45:18+00:00,790.0,109.16,92.11,95.34,0.0,0.0,1.0,29,0.17765104583740232,True,REGULAR,USD,put
QQQ261218P00795000,2026-07-24 18:46:10+00:00,795.0,107.15,96.38,99.61,-4.970001,-4.4327517,2.0,15,0.17603363037109376,True,REGULAR,USD,put
QQQ261218P00800000,2026-07-31 13:48:19+00:00,800.0,114.08,100.74,103.97,0.0,0.0,8.0,18,0.1745993185424805,True,REGULAR,USD,put
QQQ261218P00805000,2026-07-24 19:29:22+00:00,805.0,122.21,105.2,108.42,0.0,0.0,10.0,0,0.17342440353393557,True,REGULAR,USD,put
QQQ261218P00810000,2026-07-17 18:07:24+00:00,810.0,112.58,109.76,112.97,0.0,0.0,304.0,0,0.17282931671142582,True,REGULAR,USD,put
QQQ261218P00815000,2026-07-13 15:13:56+00:00,815.0,102.37,114.33,117.6,0.0,0.0,2.0,0,0.1727072476196289,True,REGULAR,USD,put
QQQ261218P00820000,2026-07-20 18:01:05+00:00,820.0,120.45,118.62,122.47,0.0,0.0,44.0,0,0.17582000946044923,True,REGULAR,USD,put
QQQ261218P00825000,2026-07-21 20:07:15+00:00,825.0,117.67,123.39,127.31,0.0,0.0,6.0,1,0.1782308740234375,True,REGULAR,USD,put
QQQ261218P00830000,2026-07-27 19:59:58+00:00,830.0,148.09,128.26,132.12,0.0,0.0,5.0,1,0.1798788067626953,True,REGULAR,USD,put
QQQ261218P00835000,2026-07-17 18:11:37+00:00,835.0,137.27,133.11,137.0,0.0,0.0,48.0,0,0.18253380950927733,True,REGULAR,USD,put
QQQ261218P00840000,2026-07-30 15:00:19+00:00,840.0,160.9,138.04,142.0,0.0,0.0,1.0,0,0.18726398681640627,True,REGULAR,USD,put
QQQ261218P00845000,2026-07-17 18:48:53+00:00,845.0,147.56,143.12,147.0,0.0,0.0,6.0,0,0.19196364685058598,True,REGULAR,USD,put
QQQ261218P00850000,2026-07-09 18:59:31+00:00,850.0,128.2,147.94,152.0,0.0,0.0,6.0,0,0.19660227233886718,True,REGULAR,USD,put
QQQ261218P00855000,2026-06-30 16:09:48+00:00,855.0,122.69,153.12,157.0,0.0,0.0,2.0,0,0.20117986328124998,True,REGULAR,USD,put
QQQ261218P00860000,2026-06-25 17:37:32+00:00,860.0,144.29,158.12,162.0,0.0,0.0,120.0,0,0.20569641967773436,True,REGULAR,USD,put
QQQ261218P00865000,2026-06-23 15:24:16+00:00,865.0,150.23,169.96,172.13,0.0,0.0,18.0,0,0.28284408569335934,True,REGULAR,USD,put
QQQ261218P00870000,2026-06-22 19:42:01+00:00,870.0,135.68,173.94,177.13,0.0,0.0,371.0,0,0.2881235739135741,True,REGULAR,USD,put
QQQ261218P00875000,2026-06-22 19:59:11+00:00,875.0,138.73,179.98,182.13,0.0,0.0,288.0,0,0.2933420275878905,True,REGULAR,USD,put
QQQ261218P00880000,2026-06-23 15:58:58+00:00,880.0,162.81,183.33,187.13,0.0,0.0,40.0,0,0.2985299639892578,True,REGULAR,USD,put
QQQ261218P00885000,2026-06-22 19:21:07+00:00,885.0,149.62,190.13,192.14,0.0,0.0,288.0,0,0.3037484176635742,True,REGULAR,USD,put
QQQ261218P00890000,2026-06-23 13:41:37+00:00,890.0,173.32,193.9,197.14,0.0,0.0,2.0,0,0.30881428497314456,True,REGULAR,USD,put
QQQ261218P00895000,2026-07-23 20:01:39+00:00,895.0,201.9,192.84,197.0,0.0,0.0,1.0,0,0.2361831753540039,True,REGULAR,USD,put
QQQ261218P00900000,2026-07-27 15:48:07+00:00,900.0,222.17,197.82,201.97,0.0,0.0,2.0,1,0.239692661743164,True,REGULAR,USD,put
QQQ261218P00905000,2026-06-23 13:41:38+00:00,905.0,188.11,210.15,212.14,0.0,0.0,,0,0.32367619689941396,True,REGULAR,USD,put
QQQ261218P00910000,2025-10-20 13:55:12+00:00,910.0,300.25,298.5,303.5,0.0,0.0,,0,0.9142922389221193,True,REGULAR,USD,put
QQQ261218P00920000,2026-07-21 20:07:15+00:00,920.0,212.13,218.12,222.0,0.0,0.0,2.0,0,0.2567213000488281,True,REGULAR,USD,put
QQQ261218P00925000,2026-07-17 18:39:02+00:00,925.0,227.74,222.82,227.0,0.0,0.0,130.0,0,0.26071906280517576,True,REGULAR,USD,put
QQQ261218P00935000,2026-07-17 18:11:37+00:00,935.0,237.17,232.89,237.0,0.0,0.0,2124.0,0,0.2686230364990234,True,REGULAR,USD,put
QQQ261218P00940000,2026-07-20 18:01:05+00:00,940.0,239.52,237.84,242.0,0.0,0.0,,0,0.2725292474365234,True,REGULAR,USD,put
QQQ261218P00950000,2026-06-24 14:06:29+00:00,950.0,235.03,248.16,252.0,0.0,0.0,,0,0.2802196002197265,True,REGULAR,USD,put
QQQ261218P01000000,2026-07-17 18:48:04+00:00,1000.0,304.16,297.94,302.0,0.0,0.0,176.0,0,0.31690136230468746,True,REGULAR,USD,put
QQQ261218P01025000,2026-07-17 18:48:53+00:00,1025.0,327.53,322.62,327.0,0.0,0.0,4.0,0,0.33423517333984376,True,REGULAR,USD,put
