contractSymbol,lastTradeDate,strike,lastPrice,bid,ask,change,percentChange,volume,openInterest,impliedVolatility,inTheMoney,contractSize,currency,type
QQQ280121C00295000,2026-01-20 15:44:06+00:00,295.0,340.0,333.5,338.0,-9.369995,-2.681969,3.0,19,0.5137530314636229,True,REGULAR,USD,call
QQQ280121C00300000,2026-01-14 20:00:40+00:00,300.0,338.5,329.0,334.0,0.0,0.0,1.0,138,0.5113269082641602,True,REGULAR,USD,call
QQQ280121C00305000,2025-11-03 20:31:32+00:00,305.0,353.48,338.5,343.5,0.0,0.0,,2,0.5815318946838379,True,REGULAR,USD,call
QQQ280121C00315000,2026-01-15 15:16:09+00:00,315.0,334.5,316.0,321.0,0.0,0.0,1.0,12,0.49670913452148446,True,REGULAR,USD,call
QQQ280121C00325000,2026-01-07 15:38:56+00:00,325.0,324.0,307.0,312.0,0.0,0.0,1.0,12,0.48480739807128903,True,REGULAR,USD,call
QQQ280121C00330000,2026-01-06 19:33:13+00:00,330.0,318.77,303.0,308.0,0.0,0.0,5.0,16,0.4820455848693848,True,REGULAR,USD,call
QQQ280121C00335000,2026-01-05 18:00:52+00:00,335.0,311.0,298.5,303.5,0.0,0.0,1.0,2,0.4761252339172363,True,REGULAR,USD,call
QQQ280121C00340000,2026-01-13 16:04:15+00:00,340.0,313.33,294.5,299.5,0.0,0.0,1.0,4,0.4732413516235352,True,REGULAR,USD,call
QQQ280121C00350000,2026-01-15 20:53:06+00:00,350.0,303.0,286.0,291.0,0.0,0.0,2.0,28,0.4643684545135498,True,REGULAR,USD,call
QQQ280121C00360000,2026-01-07 17:42:26+00:00,360.0,297.5,277.5,282.5,0.0,0.0,2.0,9,0.4554192642211914,True,REGULAR,USD,call
QQQ280121C00365000,2025-11-24 14:31:55+00:00,365.0,267.0,287.0,292.0,0.0,0.0,1.0,1,0.5103198382568359,True,REGULAR,USD,call
QQQ280121C00370000,2025-09-24 19:39:17+00:00,370.0,264.14,280.5,285.0,0.0,0.0,,1,0.5035297450256349,True,REGULAR,USD,call
QQQ280121C00375000,2025-11-25 14:45:49+00:00,375.0,260.81,278.0,283.0,0.0,0.0,2.0,7,0.5092212164306642,True,REGULAR,USD,call
QQQ280121C00380000,2026-01-08 20:46:43+00:00,380.0,267.0,260.5,265.5,-6.0,-2.1978023,1.0,7,0.43732252136230465,True,REGULAR,USD,call
QQQ280121C00385000,2026-01-06 18:58:31+00:00,385.0,271.78,256.6,261.5,0.0,0.0,2.0,3,0.43403428520202636,True,REGULAR,USD,call
QQQ280121C00390000,2026-01-15 14:52:55+00:00,390.0,269.5,252.5,257.5,0.0,0.0,15.0,1,0.43068501449584967,True,REGULAR,USD,call
QQQ280121C00395000,2025-12-26 15:11:55+00:00,395.0,264.46,248.0,253.0,0.0,0.0,1.0,0,0.42483332740783697,True,REGULAR,USD,call
QQQ280121C00400000,2026-01-20 15:32:08+00:00,400.0,251.5,244.0,249.0,-10.700012,-4.0808587,121.0,302,0.4214230221557618,True,REGULAR,USD,call
QQQ280121C00405000,2025-12-22 14:57:58+00:00,405.0,254.52,240.0,245.0,0.0,0.0,1.0,8,0.417951682357788,True,REGULAR,USD,call
QQQ280121C00410000,2026-01-13 14:37:54+00:00,410.0,254.75,236.0,241.0,0.0,0.0,7.0,11,0.4144345666503906,True,REGULAR,USD,call
QQQ280121C00415000,2026-01-05 17:59:22+00:00,415.0,243.78,232.0,237.0,0.0,0.0,2.0,16,0.41087167503356936,True,REGULAR,USD,call
QQQ280121C00420000,2026-01-20 15:29:11+00:00,420.0,234.98,228.0,233.0,-10.460007,-4.261737,1.0,198,0.40726300750732425,True,REGULAR,USD,call
QQQ280121C00425000,2026-01-14 16:05:28+00:00,425.0,234.26,223.5,228.5,0.0,0.0,2.0,10,0.40139606178283693,True,REGULAR,USD,call
QQQ280121C00430000,2026-01-14 16:28:16+00:00,430.0,231.28,219.5,224.5,0.0,0.0,1.0,8,0.39772635971069337,True,REGULAR,USD,call
QQQ280121C00435000,2025-10-29 14:00:06+00:00,435.0,248.5,230.0,235.0,0.0,0.0,1.0,4,0.4550683155822754,True,REGULAR,USD,call
QQQ280121C00440000,2026-01-13 18:58:31+00:00,440.0,229.0,212.0,217.0,0.0,0.0,1.0,11,0.3923782076263427,True,REGULAR,USD,call
QQQ280121C00445000,2025-12-24 15:31:21+00:00,445.0,224.0,208.0,213.0,0.0,0.0,6.0,18,0.3885559191894531,True,REGULAR,USD,call
QQQ280121C00450000,2026-01-20 16:11:09+00:00,450.0,212.46,204.0,209.0,-4.5399933,-2.0921628,1.0,68,0.38469548416137694,True,REGULAR,USD,call
QQQ280121C00455000,2026-01-14 16:04:11+00:00,455.0,209.49,200.0,205.0,0.0,0.0,5.0,20,0.3807969025421143,True,REGULAR,USD,call
QQQ280121C00460000,2026-01-20 16:14:10+00:00,460.0,203.98,196.0,201.0,-7.4100037,-3.5053709,1.0,32,0.3768601743316651,True,REGULAR,USD,call
QQQ280121C00465000,2026-01-05 14:43:15+00:00,465.0,202.6,192.5,197.5,0.0,0.0,1.0,10,0.3748460343170166,True,REGULAR,USD,call
QQQ280121C00470000,2026-01-14 19:21:24+00:00,470.0,197.5,188.5,193.5,0.0,0.0,7.0,48,0.37081012496948246,True,REGULAR,USD,call
QQQ280121C00475000,2025-12-30 14:53:51+00:00,475.0,198.25,185.0,190.0,0.0,0.0,1.0,16,0.36864339859008793,True,REGULAR,USD,call
QQQ280121C00480000,2026-01-20 20:47:37+00:00,480.0,183.56,181.0,186.0,-11.440002,-5.8666677,14.0,45,0.3645083081054688,True,REGULAR,USD,call
QQQ280121C00485000,2026-01-20 17:26:16+00:00,485.0,184.48,177.5,182.5,-11.270004,-5.757346,1.0,7,0.3621889953613281,True,REGULAR,USD,call
QQQ280121C00490000,2026-01-20 20:56:34+00:00,490.0,178.49,173.5,178.5,-9.159988,-4.881422,1.0,11,0.35796235305786134,True,REGULAR,USD,call
QQQ280121C00495000,2026-01-13 19:52:29+00:00,495.0,186.67,170.0,175.0,0.0,0.0,8.0,94,0.35551334190368644,True,REGULAR,USD,call
QQQ280121C00500000,2026-01-20 20:21:12+00:00,500.0,169.25,168.0,171.5,-11.550003,-6.3882756,11.0,584,0.3529804082489013,True,REGULAR,USD,call
QQQ280121C00505000,2026-01-14 18:26:33+00:00,505.0,172.0,162.5,167.5,0.0,0.0,7.0,34,0.34860880889892576,True,REGULAR,USD,call
QQQ280121C00510000,2026-01-20 20:41:25+00:00,510.0,161.72,159.0,164.0,-11.279999,-6.5202303,10.0,55,0.34594617683410644,True,REGULAR,USD,call
QQQ280121C00515000,2026-01-20 17:46:55+00:00,515.0,161.1,156.0,160.5,-3.899994,-2.3636327,10.0,95,0.343207251586914,True,REGULAR,USD,call
QQQ280121C00520000,2026-01-20 20:52:46+00:00,520.0,155.15,152.0,156.99,-10.850006,-6.536148,18.0,65,0.34036151588439945,True,REGULAR,USD,call
QQQ280121C00525000,2026-01-20 18:37:30+00:00,525.0,153.0,150.5,153.5,-12.850006,-7.747968,7.0,28,0.3375157801818848,True,REGULAR,USD,call
QQQ280121C00530000,2026-01-20 20:28:25+00:00,530.0,148.61,145.0,150.0,-10.770004,-6.7574377,2.0,445,0.3345556047058105,True,REGULAR,USD,call
QQQ280121C00535000,2026-01-20 20:18:23+00:00,535.0,142.73,141.9,146.5,-8.270004,-5.476824,1.0,64,0.3315343946838379,True,REGULAR,USD,call
QQQ280121C00540000,2026-01-20 20:18:23+00:00,540.0,139.28,140.0,143.0,-11.960007,-7.907965,4.0,133,0.3284368914794922,True,REGULAR,USD,call
QQQ280121C00545000,2026-01-20 20:20:49+00:00,545.0,137.5,135.0,140.0,-12.5,-8.333333,6.0,14,0.32689576919555663,True,REGULAR,USD,call
QQQ280121C00550000,2026-01-20 20:56:22+00:00,550.0,134.38,131.5,136.5,-13.389999,-9.0613785,19.0,493,0.32364567962646473,True,REGULAR,USD,call
QQQ280121C00555000,2026-01-20 18:40:39+00:00,555.0,132.58,128.0,133.0,-6.419998,-4.618704,3.0,167,0.3203307408523559,True,REGULAR,USD,call
QQQ280121C00560000,2026-01-20 17:43:00+00:00,560.0,130.5,125.0,130.0,-10.089996,-7.176895,4.0,257,0.3185264070892333,True,REGULAR,USD,call
QQQ280121C00565000,2026-01-09 16:27:51+00:00,565.0,136.46,122.0,127.0,0.0,0.0,1.0,28,0.31662670684814453,True,REGULAR,USD,call
QQQ280121C00570000,2026-01-20 20:57:30+00:00,570.0,122.0,118.5,123.5,-9.130005,-6.9625597,14.0,476,0.3130790738677979,True,REGULAR,USD,call
QQQ280121C00575000,2026-01-20 19:54:55+00:00,575.0,119.0,115.5,120.5,-9.0,-7.03125,3.0,136,0.3110038993072509,True,REGULAR,USD,call
QQQ280121C00580000,2026-01-20 20:56:35+00:00,580.0,115.15,112.5,117.5,-12.379997,-9.707518,19.0,225,0.3088371729278564,True,REGULAR,USD,call
QQQ280121C00585000,2026-01-16 17:00:23+00:00,585.0,122.0,109.5,114.5,0.0,0.0,3.0,263,0.30658270938873294,True,REGULAR,USD,call
QQQ280121C00590000,2026-01-20 15:29:37+00:00,590.0,113.0,106.5,111.5,-7.0,-5.8333335,1.0,317,0.3042366940307617,True,REGULAR,USD,call
QQQ280121C00595000,2026-01-20 20:13:06+00:00,595.0,106.3,103.5,108.5,-13.199997,-11.046023,2.0,486,0.3017991268539429,True,REGULAR,USD,call
QQQ280121C00600000,2026-01-20 21:00:38+00:00,600.0,102.74,102.5,105.5,-9.260002,-8.267859,44.0,1607,0.299273822517395,True,REGULAR,USD,call
QQQ280121C00605000,2026-01-20 20:43:08+00:00,605.0,100.07,97.5,102.5,-9.639999,-8.786801,6.0,385,0.29665696636199945,True,REGULAR,USD,call
QQQ280121C00610000,2026-01-20 20:36:26+00:00,610.0,97.75,96.0,99.5,-10.989998,-10.106674,21.0,377,0.29395237304687494,False,REGULAR,USD,call
QQQ280121C00615000,2026-01-20 20:33:52+00:00,615.0,95.0,92.0,97.0,-8.5,-8.212561,6.0,700,0.29263250099182125,False,REGULAR,USD,call
QQQ280121C00620000,2026-01-20 20:45:55+00:00,620.0,92.0,89.0,94.0,-8.75,-8.684863,5.0,504,0.2897333600616455,False,REGULAR,USD,call
QQQ280121C00625000,2026-01-20 18:55:57+00:00,625.0,89.95,86.5,91.5,-7.760002,-7.941871,2.0,203,0.2882151257324218,False,REGULAR,USD,call
QQQ280121C00630000,2026-01-20 20:42:51+00:00,630.0,87.0,85.0,88.5,-11.580002,-11.746807,13.0,246,0.2851328811645507,False,REGULAR,USD,call
QQQ280121C00635000,2026-01-20 17:45:29+00:00,635.0,86.0,82.0,86.0,-3.0,-3.3707864,6.0,225,0.2834124699020385,False,REGULAR,USD,call
QQQ280121C00640000,2026-01-20 19:16:52+00:00,640.0,81.62,78.5,83.5,-6.419998,-7.2921376,9.0,224,0.28159287750244133,False,REGULAR,USD,call
QQQ280121C00645000,2026-01-20 19:16:52+00:00,645.0,78.87,76.0,81.0,-4.6299973,-5.544907,6.0,70,0.2796664746475219,False,REGULAR,USD,call
QQQ280121C00650000,2026-01-20 17:51:16+00:00,650.0,78.0,75.0,78.5,-6.790001,-8.008021,4.0,3274,0.2776408906555175,False,REGULAR,USD,call
QQQ280121C00655000,2026-01-14 16:45:39+00:00,655.0,79.0,71.0,76.0,0.0,0.0,1.0,97,0.27550849620819085,False,REGULAR,USD,call
QQQ280121C00660000,2026-01-20 17:46:19+00:00,660.0,72.95,68.5,73.5,-7.6200027,-9.457618,1.0,163,0.2732692913055419,False,REGULAR,USD,call
QQQ280121C00665000,2026-01-13 15:06:55+00:00,665.0,79.24,66.0,71.0,0.0,0.0,1.0,25,0.27092709060668946,False,REGULAR,USD,call
QQQ280121C00670000,2026-01-15 16:53:23+00:00,670.0,76.5,65.0,69.0,0.0,0.0,1.0,58,0.2699352792358398,False,REGULAR,USD,call
QQQ280121C00675000,2026-01-13 16:07:44+00:00,675.0,73.59,61.5,66.5,0.0,0.0,3.0,166,0.26737945762634274,False,REGULAR,USD,call
QQQ280121C00680000,2026-01-20 19:30:30+00:00,680.0,63.25,59.5,64.5,-5.949997,-8.598262,2.0,321,0.2661740253448487,False,REGULAR,USD,call
QQQ280121C00685000,2026-01-05 20:44:26+00:00,685.0,59.11,57.18,62.0,-6.1800003,-9.465462,2.0,28,0.2633893241882324,False,REGULAR,USD,call
QQQ280121C00690000,2026-01-12 15:35:37+00:00,690.0,62.0,55.04,60.0,-6.470001,-9.449395,1.0,120,0.26196264167785643,False,REGULAR,USD,call
QQQ280121C00695000,2026-01-14 15:20:06+00:00,695.0,61.5,53.0,58.0,0.0,0.0,1.0,37,0.2604291487121582,False,REGULAR,USD,call
QQQ280121C00700000,2026-01-20 20:32:00+00:00,700.0,53.25,52.82,56.0,-9.139999,-14.649783,49.0,408,0.25878121597290044,False,REGULAR,USD,call
QQQ280121C00705000,2025-12-23 16:19:36+00:00,705.0,57.71,49.0,54.0,0.0,0.0,1.0,47,0.2570188434600831,False,REGULAR,USD,call
QQQ280121C00710000,2026-01-02 18:46:23+00:00,710.0,50.28,47.0,52.0,0.0,0.0,1.0,26,0.2551458458328248,False,REGULAR,USD,call
QQQ280121C00715000,2025-11-04 14:38:14+00:00,715.0,62.47,53.02,55.98,0.0,0.0,1.0,21,0.27111782356262204,False,REGULAR,USD,call
QQQ280121C00720000,2026-01-12 14:40:57+00:00,720.0,53.1,43.23,48.0,0.0,0.0,41.0,151,0.25103745796203614,False,REGULAR,USD,call
QQQ280121C00725000,2026-01-20 18:05:32+00:00,725.0,45.12,41.5,46.5,-2.6800003,-5.606695,1.0,21,0.25033556068420415,False,REGULAR,USD,call
QQQ280121C00730000,2026-01-16 17:32:38+00:00,730.0,47.69,39.71,44.5,0.0,0.0,1.0,154,0.24797810134887693,False,REGULAR,USD,call
QQQ280121C00735000,2026-01-14 14:44:33+00:00,735.0,44.69,38.03,43.0,0.0,0.0,1.0,93,0.24705113918304444,False,REGULAR,USD,call
QQQ280121C00740000,2026-01-20 14:41:38+00:00,740.0,39.89,36.5,41.42,-2.6100006,-6.141178,3.0,72,0.24576178440093993,False,REGULAR,USD,call
QQQ280121C00745000,2026-01-16 17:35:59+00:00,745.0,41.93,35.0,39.8,0.0,0.0,1.0,49,0.24423210609436038,False,REGULAR,USD,call
QQQ280121C00750000,2026-01-20 20:42:24+00:00,750.0,35.2,33.5,38.22,-5.290001,-13.064957,76.0,1984,0.2427062424468994,False,REGULAR,USD,call
QQQ280121C00755000,2026-01-08 14:30:17+00:00,755.0,39.89,32.0,36.69,0.0,0.0,1.0,100,0.2412261547088623,False,REGULAR,USD,call
QQQ280121C00760000,2026-01-15 20:53:44+00:00,760.0,37.17,30.5,35.21,0.0,0.0,1.0,123,0.23978421356201168,False,REGULAR,USD,call
QQQ280121C00765000,2026-01-02 17:58:14+00:00,765.0,32.41,29.05,33.77,0.0,0.0,6.0,127,0.23835371639251707,False,REGULAR,USD,call
QQQ280121C00770000,2026-01-14 15:44:37+00:00,770.0,33.6,27.73,32.39,0.0,0.0,4.0,131,0.2369995124053955,False,REGULAR,USD,call
QQQ280121C00775000,2026-01-14 15:44:37+00:00,775.0,32.26,26.5,31.05,0.0,0.0,4.0,176,0.23566438171386717,False,REGULAR,USD,call
QQQ280121C00780000,2026-01-20 20:02:46+00:00,780.0,27.37,25.25,29.76,-3.8799992,-12.4159975,2.0,85,0.23437502693176268,False,REGULAR,USD,call
QQQ280121C00785000,2026-01-12 15:45:20+00:00,785.0,30.92,24.06,28.53,0.0,0.0,1.0,6,0.23317722396850588,False,REGULAR,USD,call
QQQ280121C00790000,2026-01-20 17:43:46+00:00,790.0,26.54,23.0,27.35,-4.459999,-14.387094,1.0,40,0.23203282623291016,False,REGULAR,USD,call
QQQ280121C00795000,2026-01-20 19:41:28+00:00,795.0,24.22,23.0,26.22,-5.370001,-18.148026,1.0,59,0.2309570923614502,False,REGULAR,USD,call
QQQ280121C00800000,2026-01-20 20:18:23+00:00,800.0,23.0,20.77,23.0,-3.3700008,-12.779677,366.0,1158,0.22200027275085446,False,REGULAR,USD,call
QQQ280121C00805000,2026-01-20 18:01:26+00:00,805.0,22.8,19.76,24.08,-4.450001,-16.330278,6.0,55,0.22888191780090333,False,REGULAR,USD,call
QQQ280121C00810000,2026-01-20 19:54:14+00:00,810.0,21.91,18.79,23.08,-4.130001,-15.860219,5.0,102,0.2279358823394775,False,REGULAR,USD,call
QQQ280121C00815000,2026-01-07 20:15:06+00:00,815.0,24.7,17.87,20.48,0.0,0.0,1.0,18,0.2206346247863769,False,REGULAR,USD,call
QQQ280121C00820000,2026-01-06 15:02:22+00:00,820.0,22.46,16.98,21.19,0.0,0.0,13.0,151,0.22612773391723634,False,REGULAR,USD,call
QQQ280121C00825000,2026-01-20 18:48:11+00:00,825.0,18.7,16.13,20.31,-1.2999992,-6.499996,2.0,144,0.2253113968658447,False,REGULAR,USD,call
QQQ280121C00830000,2026-01-15 20:33:39+00:00,830.0,17.89,15.32,19.45,-2.58,-12.603811,1.0,14,0.2244645425415039,False,REGULAR,USD,call
QQQ280121C00835000,2026-01-12 20:09:23+00:00,835.0,21.18,14.54,18.64,0.0,0.0,20.0,36,0.2237092400360107,False,REGULAR,USD,call
QQQ280121C00840000,2026-01-09 17:58:14+00:00,840.0,20.04,13.79,17.86,0.0,0.0,41.0,61,0.22297682548522949,False,REGULAR,USD,call
QQQ280121C00845000,2025-12-19 14:36:27+00:00,845.0,16.5,13.09,17.11,0.0,0.0,3.0,80,0.22226729888916014,False,REGULAR,USD,call
QQQ280121C00850000,2026-01-16 20:54:22+00:00,850.0,16.97,12.42,16.4,0.0,0.0,1.0,93,0.22162643615722655,False,REGULAR,USD,call
QQQ280121C00855000,2026-01-12 20:10:24+00:00,855.0,17.41,11.77,15.71,0.0,0.0,2.0,21,0.22097031478881834,False,REGULAR,USD,call
QQQ280121C00860000,2025-11-14 18:20:56+00:00,860.0,13.9,14.78,16.68,0.0,0.0,60.0,33,0.22768411483764645,False,REGULAR,USD,call
QQQ280121C00865000,2025-12-01 16:49:15+00:00,865.0,16.65,14.07,15.95,0.0,0.0,1.0,32,0.2267991139221191,False,REGULAR,USD,call
QQQ280121C00870000,2025-12-11 18:47:20+00:00,870.0,17.34,10.01,13.84,0.0,0.0,1.0,7,0.21932238204956056,False,REGULAR,USD,call
QQQ280121C00875000,2025-12-11 18:47:20+00:00,875.0,16.57,9.75,13.28,0.0,0.0,3.0,7,0.21887988159179686,False,REGULAR,USD,call
QQQ280121C00880000,2026-01-15 18:40:38+00:00,880.0,13.49,8.97,12.73,0.0,0.0,4.0,37,0.21839160522460935,False,REGULAR,USD,call
QQQ280121C00885000,2026-01-02 20:29:31+00:00,885.0,10.62,8.49,12.22,0.0,0.0,10.0,21,0.2180101393127441,False,REGULAR,USD,call
QQQ280121C00890000,2025-12-16 20:32:16+00:00,890.0,11.25,8.03,11.72,0.0,0.0,2.0,25,0.21759815612792968,False,REGULAR,USD,call
QQQ280121C00895000,2025-12-16 15:13:36+00:00,895.0,10.85,7.59,11.26,0.0,0.0,1.0,6,0.2172929833984375,False,REGULAR,USD,call
QQQ280121C00900000,2026-01-20 18:35:00+00:00,900.0,10.15,7.5,10.81,-0.40000057,-3.7914746,1.0,636,0.21697255203247068,False,REGULAR,USD,call
QQQ280121C00905000,2026-01-20 15:18:46+00:00,905.0,9.17,6.77,10.38,-0.85999966,-8.574274,1.0,11,0.21666737930297852,False,REGULAR,USD,call
QQQ280121C00910000,2026-01-20 17:02:00+00:00,910.0,8.0,6.4,9.98,-4.3500004,-35.222675,4.0,52,0.21645375839233394,False,REGULAR,USD,call
QQQ280121C00915000,2026-01-16 15:17:24+00:00,915.0,9.24,7.7,9.59,0.0,0.0,1.0,164,0.21620962020874018,False,REGULAR,USD,call
QQQ280121C00920000,2026-01-16 15:17:24+00:00,920.0,8.77,5.7,9.22,0.0,0.0,1.0,6,0.2160112579345703,False,REGULAR,USD,call
QQQ280121C00925000,2025-12-18 16:36:53+00:00,925.0,8.25,5.38,8.87,0.0,0.0,1.0,30,0.2158586715698242,False,REGULAR,USD,call
QQQ280121C00935000,2025-12-29 21:05:52+00:00,935.0,7.99,4.78,8.22,0.0,0.0,4.0,421,0.21563742134094238,False,REGULAR,USD,call
QQQ280121C00940000,2025-12-30 15:48:19+00:00,940.0,7.18,4.51,7.92,0.0,0.0,1.0,27,0.21558401611328126,False,REGULAR,USD,call
QQQ280121C00945000,2026-01-06 21:05:49+00:00,945.0,7.1,4.24,7.63,0.0,0.0,1.0,51,0.2155229815673828,False,REGULAR,USD,call
QQQ280121C00950000,2026-01-20 20:17:02+00:00,950.0,5.88,5.6,6.2,-0.6199999,-9.53846,58.0,1423,0.20723754196166988,False,REGULAR,USD,call
QQQ280121P00295000,2026-01-20 17:57:11+00:00,295.0,5.34,3.93,6.05,-0.009999752,-0.18691126,1.0,135,0.3430699238586425,False,REGULAR,USD,put
QQQ280121P00300000,2026-01-20 15:29:55+00:00,300.0,5.5,5.17,6.5,0.19999981,3.7735813,3.0,1522,0.3418644915771484,False,REGULAR,USD,put
QQQ280121P00305000,2026-01-14 15:47:04+00:00,305.0,5.77,5.4,7.45,0.0,0.0,10.0,46,0.3461979443359374,False,REGULAR,USD,put
QQQ280121P00310000,2026-01-14 15:23:20+00:00,310.0,6.1,5.69,7.76,0.0,0.0,1.0,33,0.3427189752197265,False,REGULAR,USD,put
QQQ280121P00315000,2026-01-09 14:52:04+00:00,315.0,5.5,5.98,8.09,0.0,0.0,1.0,26,0.3393773338317871,False,REGULAR,USD,put
QQQ280121P00320000,2025-12-29 20:03:22+00:00,320.0,6.6,6.3,8.43,0.0,0.0,20.0,12,0.3360662097167969,False,REGULAR,USD,put
QQQ280121P00325000,2026-01-20 17:50:06+00:00,325.0,7.28,6.62,8.78,0.3300004,4.748207,2.0,114,0.3327856028747559,False,REGULAR,USD,put
QQQ280121P00330000,2026-01-20 16:18:09+00:00,330.0,7.45,6.96,9.15,0.4699998,6.733521,1.0,15,0.3296270651245117,False,REGULAR,USD,put
QQQ280121P00335000,2025-12-29 19:54:11+00:00,335.0,7.54,7.3,9.52,0.0,0.0,6.0,8,0.32639223419189456,False,REGULAR,USD,put
QQQ280121P00340000,2026-01-07 16:13:05+00:00,340.0,8.0,6.68,9.9,0.42000008,5.5408983,1.0,999,0.32317266189575183,False,REGULAR,USD,put
QQQ280121P00345000,2026-01-13 15:23:07+00:00,345.0,8.07,8.05,9.71,0.0,0.0,8.0,121,0.31487196365356435,False,REGULAR,USD,put
QQQ280121P00350000,2026-01-20 19:55:15+00:00,350.0,9.03,8.55,10.61,0.6999998,8.403359,193.0,31228,0.3161079132080078,False,REGULAR,USD,put
QQQ280121P00355000,2026-01-20 20:22:03+00:00,355.0,9.86,8.85,11.13,0.4499998,4.7821445,10.0,272,0.313834376373291,False,REGULAR,USD,put
QQQ280121P00360000,2026-01-09 14:30:41+00:00,360.0,9.6,9.27,11.57,0.0,0.0,1.0,43,0.31081316635131834,False,REGULAR,USD,put
QQQ280121P00365000,2026-01-15 20:35:27+00:00,365.0,9.5,9.71,12.02,0.0,0.0,4.0,29,0.3077919563293457,False,REGULAR,USD,put
QQQ280121P00370000,2026-01-15 15:29:02+00:00,370.0,10.0,10.15,12.49,0.0,0.0,1.0,34,0.3048470394897461,False,REGULAR,USD,put
QQQ280121P00375000,2026-01-09 16:34:07+00:00,375.0,10.68,10.59,12.98,0.0,0.0,2.0,89,0.3019478985595704,False,REGULAR,USD,put
QQQ280121P00380000,2026-01-15 20:03:13+00:00,380.0,11.0,11.07,13.49,0.0,0.0,6.0,313,0.2991250508117675,False,REGULAR,USD,put
QQQ280121P00385000,2025-12-29 17:11:09+00:00,385.0,11.91,11.57,14.02,0.0,0.0,10.0,1040,0.2963403496551513,False,REGULAR,USD,put
QQQ280121P00390000,2025-11-20 15:26:43+00:00,390.0,13.93,11.18,12.39,0.0,0.0,1.0,3,0.2788463229370117,False,REGULAR,USD,put
QQQ280121P00395000,2025-12-30 20:04:13+00:00,395.0,12.61,12.61,15.11,0.0,0.0,2.0,70,0.2907175421142577,False,REGULAR,USD,put
QQQ280121P00400000,2026-01-20 20:58:04+00:00,400.0,14.25,14.05,14.25,1.1000004,8.365022,78.0,33503,0.27889209884643557,False,REGULAR,USD,put
QQQ280121P00405000,2026-01-20 20:22:03+00:00,405.0,14.86,12.79,16.29,1.29,9.506264,12.0,286,0.28530072616577146,False,REGULAR,USD,put
QQQ280121P00410000,2026-01-20 14:53:38+00:00,410.0,14.66,13.38,16.9,0.13000011,0.8947014,2.0,56,0.28258468887329097,False,REGULAR,USD,put
QQQ280121P00415000,2025-12-26 18:48:34+00:00,415.0,14.65,15.01,17.54,0.0,0.0,2.0,10,0.27994494476318355,False,REGULAR,USD,put
QQQ280121P00420000,2026-01-20 18:24:18+00:00,420.0,16.1,15.63,16.6,1.1900005,7.9812245,3.0,154,0.26828734649658204,False,REGULAR,USD,put
QQQ280121P00425000,2026-01-14 14:44:45+00:00,425.0,16.43,16.27,18.87,0.0,0.0,15.0,55,0.27466545654296876,False,REGULAR,USD,put
QQQ280121P00430000,2026-01-09 14:33:37+00:00,430.0,16.59,16.94,19.57,0.0,0.0,4.0,49,0.27208674697875973,False,REGULAR,USD,put
QQQ280121P00435000,2025-12-29 15:22:41+00:00,435.0,17.49,17.62,20.3,0.0,0.0,10.0,11,0.2695538133239746,False,REGULAR,USD,put
QQQ280121P00440000,2026-01-07 20:59:37+00:00,440.0,17.89,17.37,21.04,0.0,0.0,3.0,82,0.2669827330780029,False,REGULAR,USD,put
QQQ280121P00445000,2025-12-22 14:35:35+00:00,445.0,19.29,19.06,21.8,0.0,0.0,25.0,50,0.2644116528320312,False,REGULAR,USD,put
QQQ280121P00450000,2026-01-20 18:26:29+00:00,450.0,20.55,19.81,22.0,1.3999996,7.3107033,1.0,1548,0.2590558714294434,False,REGULAR,USD,put
QQQ280121P00455000,2026-01-07 16:13:10+00:00,455.0,19.75,19.67,23.41,0.0,0.0,6.0,70,0.25941444938659675,False,REGULAR,USD,put
QQQ280121P00460000,2026-01-20 15:04:11+00:00,460.0,22.0,20.48,24.24,0.6100006,2.8518028,1.0,72,0.2568815157318115,False,REGULAR,USD,put
QQQ280121P00465000,2026-01-14 18:04:29+00:00,465.0,22.5,21.32,25.12,0.0,0.0,21.0,1058,0.2544782804870606,False,REGULAR,USD,put
QQQ280121P00470000,2026-01-16 19:19:44+00:00,470.0,22.5,22.19,26.01,0.0,0.0,5.0,70,0.25201401069641116,False,REGULAR,USD,put
QQQ280121P00475000,2026-01-12 18:04:48+00:00,475.0,22.35,23.07,26.93,0.0,0.0,2.0,71,0.24957262886047363,False,REGULAR,USD,put
QQQ280121P00480000,2025-12-16 18:12:48+00:00,480.0,26.75,23.98,27.88,0.0,0.0,1.0,222,0.24716176429748535,False,REGULAR,USD,put
QQQ280121P00485000,2025-12-02 19:05:45+00:00,485.0,25.95,23.48,25.32,0.0,0.0,43.0,121,0.23007972076416017,False,REGULAR,USD,put
QQQ280121P00490000,2026-01-20 20:59:47+00:00,490.0,27.96,25.89,29.87,2.3999996,9.38967,3.0,733,0.2423781817626953,False,REGULAR,USD,put
QQQ280121P00495000,2026-01-20 20:59:47+00:00,495.0,28.93,26.9,30.9,1.3999996,5.08536,1.0,79,0.239967317199707,False,REGULAR,USD,put
QQQ280121P00500000,2026-01-20 14:33:30+00:00,500.0,29.51,28.0,31.98,2.0599995,7.5045514,20.0,2762,0.23764037513732908,False,REGULAR,USD,put
QQQ280121P00505000,2026-01-15 18:52:14+00:00,505.0,28.12,28.99,33.08,0.0,0.0,2.0,81,0.23528291580200195,False,REGULAR,USD,put
QQQ280121P00510000,2026-01-16 20:33:58+00:00,510.0,29.09,30.09,34.21,0.0,0.0,2.0,361,0.2329254564666748,False,REGULAR,USD,put
QQQ280121P00515000,2026-01-16 20:34:10+00:00,515.0,30.8,31.22,35.38,0.0,0.0,2.0,85,0.23059851440429688,False,REGULAR,USD,put
QQQ280121P00520000,2026-01-14 15:43:30+00:00,520.0,33.57,32.39,36.14,0.0,0.0,1.0,141,0.22668467414855956,False,REGULAR,USD,put
QQQ280121P00525000,2026-01-16 20:33:52+00:00,525.0,32.85,33.59,37.82,0.0,0.0,1.0,45,0.22595988891601562,False,REGULAR,USD,put
QQQ280121P00530000,2026-01-20 20:15:32+00:00,530.0,36.85,34.83,39.1,3.8499985,11.666662,800.0,207,0.22367109344482416,False,REGULAR,USD,put
QQQ280121P00535000,2026-01-14 14:37:33+00:00,535.0,35.6,36.11,40.41,0.0,0.0,3.0,39,0.22136703933715818,False,REGULAR,USD,put
QQQ280121P00540000,2026-01-20 14:53:26+00:00,540.0,38.0,37.42,41.77,1.5400009,4.2238097,20.0,196,0.2191163904571533,False,REGULAR,USD,put
QQQ280121P00545000,2026-01-13 14:41:59+00:00,545.0,36.3,38.77,43.16,0.0,0.0,1.0,59,0.21683522430419921,False,REGULAR,USD,put
QQQ280121P00550000,2026-01-20 14:43:44+00:00,550.0,41.89,40.18,44.59,2.8899994,7.410255,5.0,2861,0.2145616874694824,False,REGULAR,USD,put
QQQ280121P00555000,2026-01-05 14:45:30+00:00,555.0,41.2,41.62,46.07,0.0,0.0,8.0,30,0.21232629722595212,False,REGULAR,USD,put
QQQ280121P00560000,2026-01-15 20:27:40+00:00,560.0,44.46,43.09,47.59,2.619999,6.261947,10.0,38,0.21008327766418455,False,REGULAR,USD,put
QQQ280121P00565000,2026-01-20 15:13:26+00:00,565.0,46.6,44.62,49.15,3.3899994,7.845405,1.0,10,0.20784025810241696,False,REGULAR,USD,put
QQQ280121P00570000,2026-01-02 14:58:33+00:00,570.0,44.96,46.2,50.76,0.0,0.0,1.0,117,0.20561249717712402,False,REGULAR,USD,put
QQQ280121P00575000,2026-01-15 18:58:12+00:00,575.0,45.04,47.82,52.42,0.0,0.0,1.0,38,0.20340762420654296,False,REGULAR,USD,put
QQQ280121P00580000,2026-01-13 17:32:01+00:00,580.0,46.12,49.5,54.13,0.0,0.0,2.0,85,0.20121419521331785,False,REGULAR,USD,put
QQQ280121P00585000,2026-01-02 17:54:38+00:00,585.0,52.18,51.18,55.9,0.0,0.0,1.0,25,0.1990589128112793,False,REGULAR,USD,put
QQQ280121P00590000,2026-01-07 20:31:32+00:00,590.0,51.25,53.0,57.71,0.0,0.0,5.0,145,0.1968807424545288,False,REGULAR,USD,put
QQQ280121P00595000,2026-01-20 15:10:32+00:00,595.0,57.5,55.0,59.58,3.4300003,6.3436294,2.0,255,0.1947330893707275,False,REGULAR,USD,put
QQQ280121P00600000,2026-01-20 21:14:43+00:00,600.0,59.0,56.59,61.5,4.130001,7.526884,7.0,1146,0.19258162162780762,False,REGULAR,USD,put
QQQ280121P00605000,2026-01-20 16:17:00+00:00,605.0,58.73,58.5,63.46,0.97999954,1.6969689,15.0,75,0.19039582195281984,False,REGULAR,USD,put
QQQ280121P00610000,2026-01-20 19:25:44+00:00,610.0,63.25,60.5,65.48,7.25,12.946428,19.0,147,0.18822528091430663,True,REGULAR,USD,put
QQQ280121P00615000,2026-01-16 15:23:25+00:00,615.0,59.82,62.5,67.5,0.0,0.0,1.0,193,0.18589833885192872,True,REGULAR,USD,put
QQQ280121P00620000,2026-01-20 14:53:18+00:00,620.0,65.84,64.56,68.0,2.5899963,4.094856,2.0,369,0.1789747325515747,True,REGULAR,USD,put
QQQ280121P00625000,2026-01-16 15:52:45+00:00,625.0,64.8,67.0,71.87,0.0,0.0,25.0,287,0.1817060284805298,True,REGULAR,USD,put
QQQ280121P00630000,2026-01-16 16:24:17+00:00,630.0,65.91,69.0,74.0,0.0,0.0,1.0,130,0.17919216812133787,True,REGULAR,USD,put
QQQ280121P00635000,2025-12-29 20:01:51+00:00,635.0,68.09,71.5,76.42,0.0,0.0,12.0,20,0.17734587310791017,True,REGULAR,USD,put
QQQ280121P00640000,2026-01-07 16:24:50+00:00,640.0,70.0,73.5,78.5,0.0,0.0,1.0,63,0.17432847774505617,True,REGULAR,USD,put
QQQ280121P00645000,2025-11-21 19:15:45+00:00,645.0,89.52,69.95,72.7,0.0,0.0,1.0,6,0.1479272219848633,True,REGULAR,USD,put
QQQ280121P00650000,2026-01-09 20:56:20+00:00,650.0,72.6,78.5,83.5,0.0,0.0,1.0,132,0.17017812862396242,True,REGULAR,USD,put
QQQ280121P00655000,2025-12-29 20:03:12+00:00,655.0,77.19,81.0,86.0,0.0,0.0,2.0,88,0.16780922531127934,True,REGULAR,USD,put
QQQ280121P00660000,2026-01-20 17:01:54+00:00,660.0,84.0,83.5,88.5,4.9100037,6.2081223,1.0,211,0.16523433040618896,True,REGULAR,USD,put
QQQ280121P00665000,2026-01-14 15:23:03+00:00,665.0,82.9,86.01,91.0,0.0,0.0,30.0,50,0.16243818527221682,True,REGULAR,USD,put
QQQ280121P00670000,2026-01-13 14:51:48+00:00,670.0,81.6,89.0,94.0,0.0,0.0,1.0,9,0.1609428388977051,True,REGULAR,USD,put
QQQ280121P00675000,2025-12-29 15:32:41+00:00,675.0,87.16,91.5,96.5,0.0,0.0,1.0,40,0.15768512001037596,True,REGULAR,USD,put
QQQ280121P00680000,2026-01-05 21:11:52+00:00,680.0,92.09,94.5,99.5,0.0,0.0,1.0,109,0.15573964385986327,True,REGULAR,USD,put
QQQ280121P00685000,2025-12-29 19:27:05+00:00,685.0,92.87,97.5,102.5,0.0,0.0,4.0,3,0.15355765884399414,True,REGULAR,USD,put
QQQ280121P00690000,2026-01-07 17:48:37+00:00,690.0,92.65,100.5,105.5,0.0,0.0,15.0,21,0.151123906326294,True,REGULAR,USD,put
QQQ280121P00695000,2026-01-09 14:46:55+00:00,695.0,95.5,103.5,108.5,0.0,0.0,3.0,13,0.1484154983520508,True,REGULAR,USD,put
QQQ280121P00700000,2026-01-20 19:14:11+00:00,700.0,108.75,106.5,111.5,11.75,12.113402,1.0,311,0.14540954696655273,True,REGULAR,USD,put
QQQ280121P00705000,2026-01-12 15:26:31+00:00,705.0,101.44,110.0,115.0,0.0,0.0,1.0,4,0.14384553672790526,True,REGULAR,USD,put
QQQ280121P00710000,2026-01-20 14:32:59+00:00,710.0,114.2,113.0,118.0,5.989998,5.5355306,3.0,20,0.14019109329223634,True,REGULAR,USD,put
QQQ280121P00715000,2025-10-10 18:46:01+00:00,715.0,128.32,121.5,126.5,0.0,0.0,,15,0.1562851401138306,True,REGULAR,USD,put
QQQ280121P00720000,2026-01-20 14:40:56+00:00,720.0,121.0,120.0,125.0,10.870003,9.870156,1.0,12,0.13552957984924321,True,REGULAR,USD,put
QQQ280121P00725000,2025-12-23 18:22:13+00:00,725.0,115.69,123.5,128.5,0.0,0.0,2.0,8,0.1326609561920166,True,REGULAR,USD,put
QQQ280121P00730000,2026-01-09 17:20:50+00:00,730.0,117.2,127.0,132.0,0.0,0.0,3.0,9,0.12935746139526366,True,REGULAR,USD,put
QQQ280121P00735000,2025-11-10 18:31:26+00:00,735.0,127.0,119.78,123.52,0.0,0.0,100.0,285,1.0000000000000003e-05,True,REGULAR,USD,put
QQQ280121P00740000,2025-12-23 17:51:12+00:00,740.0,126.91,134.5,139.5,0.0,0.0,82.0,128,0.12358969680786133,True,REGULAR,USD,put
QQQ280121P00745000,2026-01-07 14:43:19+00:00,745.0,129.83,138.5,143.5,0.0,0.0,,3,0.12122460815429686,True,REGULAR,USD,put
QQQ280121P00750000,2026-01-20 15:35:23+00:00,750.0,141.5,145.0,147.5,11.470001,8.821042,3.0,1236,0.11838650177001953,True,REGULAR,USD,put
QQQ280121P00760000,2026-01-07 18:05:50+00:00,760.0,138.6,151.0,156.0,0.0,0.0,7.0,16,0.11414460083007813,True,REGULAR,USD,put
QQQ280121P00765000,2025-12-23 19:47:21+00:00,765.0,145.03,155.5,160.5,0.0,0.0,1.0,2,0.11304597900390626,True,REGULAR,USD,put
QQQ280121P00770000,2026-01-07 20:31:32+00:00,770.0,148.35,159.5,164.5,0.0,0.0,12.0,18,0.10747657669067384,True,REGULAR,USD,put
QQQ280121P00775000,2025-11-07 14:32:19+00:00,775.0,169.58,150.5,154.77,0.0,0.0,1.0,4,1.0000000000000003e-05,True,REGULAR,USD,put
QQQ280121P00780000,2025-12-17 19:38:27+00:00,780.0,181.49,169.0,174.0,0.0,0.0,1.0,14,0.10726295578002928,True,REGULAR,USD,put
QQQ280121P00785000,2025-11-06 16:43:17+00:00,785.0,174.0,159.0,163.51,0.0,0.0,2.0,3,1.0000000000000003e-05,True,REGULAR,USD,put
QQQ280121P00790000,2026-01-05 20:06:47+00:00,790.0,173.0,179.0,184.0,0.0,0.0,1.0,8,0.11150485671997071,True,REGULAR,USD,put
QQQ280121P00795000,2025-12-09 15:27:26+00:00,795.0,172.02,184.0,189.0,0.0,0.0,1.0,0,0.11359528991699218,True,REGULAR,USD,put
QQQ280121P00800000,2026-01-02 19:15:25+00:00,800.0,185.75,189.0,194.0,0.0,0.0,1.0,5,0.11565520584106445,True,REGULAR,USD,put
QQQ280121P00810000,2025-12-05 16:15:19+00:00,810.0,185.31,199.0,204.0,0.0,0.0,2.0,0,0.11972926177978514,True,REGULAR,USD,put
QQQ280121P00820000,2025-12-22 18:04:35+00:00,820.0,200.1,209.0,214.0,0.0,0.0,194.0,0,0.12371176589965821,True,REGULAR,USD,put
QQQ280121P00825000,2025-09-29 20:03:55+00:00,825.0,226.74,180.64,200.0,0.0,0.0,40.0,0,1.0000000000000003e-05,True,REGULAR,USD,put
QQQ280121P00830000,2025-11-20 16:16:07+00:00,830.0,223.87,203.5,208.5,0.0,0.0,,0,1.0000000000000003e-05,True,REGULAR,USD,put
QQQ280121P00840000,2025-12-22 15:10:14+00:00,840.0,220.4,229.0,234.0,0.0,0.0,4.0,0,0.1314631532287598,True,REGULAR,USD,put
QQQ280121P00845000,2025-10-28 18:04:32+00:00,845.0,211.42,220.5,225.5,0.0,0.0,1.0,0,1.0000000000000003e-05,True,REGULAR,USD,put
QQQ280121P00850000,2025-12-31 18:40:34+00:00,850.0,231.5,239.0,244.0,0.0,0.0,2.0,2,0.1352320364379883,True,REGULAR,USD,put
QQQ280121P00860000,2025-10-10 18:47:36+00:00,860.0,265.15,252.0,257.0,0.0,0.0,,0,0.1657950852966309,True,REGULAR,USD,put
QQQ280121P00870000,2025-10-15 19:25:02+00:00,870.0,268.18,262.0,267.0,0.0,0.0,,0,0.16983862396240235,True,REGULAR,USD,put
QQQ280121P00875000,2025-11-07 14:32:19+00:00,875.0,267.58,248.5,253.5,0.0,0.0,1.0,0,1.0000000000000003e-05,True,REGULAR,USD,put
QQQ280121P00880000,2025-10-08 16:27:01+00:00,880.0,270.52,267.0,272.0,0.0,0.0,,0,0.1054776953125,True,REGULAR,USD,put
QQQ280121P00900000,2025-12-05 16:12:12+00:00,900.0,274.0,289.0,294.0,0.0,0.0,1.0,0,0.1531609342956543,True,REGULAR,USD,put
QQQ280121P00910000,2025-12-05 16:15:19+00:00,910.0,285.31,299.0,304.0,0.0,0.0,2.0,0,0.15656361022949222,True,REGULAR,USD,put
QQQ280121P00915000,2025-11-19 14:30:09+00:00,915.0,318.38,288.5,293.5,0.0,0.0,1.0,0,1.0000000000000003e-05,True,REGULAR,USD,put
QQQ280121P00940000,2025-12-12 21:05:13+00:00,940.0,325.76,329.0,334.0,0.0,0.0,,0,0.16648172393798832,True,REGULAR,USD,put
QQQ280121P00950000,2025-12-08 18:58:38+00:00,950.0,327.27,339.0,344.0,0.0,0.0,1.0,0,0.1697165548706055,True,REGULAR,USD,put
